gse	gsm	gsm_title	srx	srr	biosample	layout	spots_ncbi	avg_read_len
GSE162345	GSM5610457	early2cell_NT1	SRX12486054	SRR16201696	SAMN22047268	PAIRED	15859476	73
GSE162345	GSM5610458	early2cell_NT2	SRX12486055	SRR16201697	SAMN22047269	PAIRED	15655323	73
GSE162345	GSM5610459	early2cell_NT3	SRX12486056	SRR16201698	SAMN22047270	PAIRED	14770260	73
GSE162345	GSM5610460	aAm_early2cell_NT1	SRX12486057	SRR16201699	SAMN22047271	PAIRED	21261273	73
GSE162345	GSM5610461	aAm_early2cell_NT2	SRX12486058	SRR16201700	SAMN22047272	PAIRED	20059570	73
GSE162345	GSM5610462	aAm_early2cell_NT3	SRX12486059	SRR16201701	SAMN22047273	PAIRED	14769095	73
GSE162345	GSM5610463	late2cell_NT1	SRX12486060	SRR16201702	SAMN22047274	PAIRED	14630529	73
GSE162345	GSM5610464	late2cell_NT2	SRX12486061	SRR16201703	SAMN22047275	PAIRED	20693082	72
GSE162345	GSM5610465	late2cell_NT3	SRX12486062	SRR16201704	SAMN22047276	PAIRED	14088006	72
GSE162345	GSM5610466	aAm_late2cell_NT1	SRX12486063	SRR16201705	SAMN22047277	PAIRED	13234768	73
GSE162345	GSM5610467	aAm_late2cell_NT2	SRX12486064	SRR16201706	SAMN22047278	PAIRED	16685339	73
GSE162345	GSM5610468	aAm_late2cell_NT3	SRX12486065	SRR16201707	SAMN22047279	PAIRED	13291400	73
GSE221985	GSM6911235	RNA_E2C_Ctrl_rep1	SRX18901417	SRR22944197	SAMN32527231	PAIRED	12119600	297
GSE221985	GSM6911236	RNA_E2C_Ctrl_rep2	SRX18901418	SRR22944194	SAMN32527230	PAIRED	28383956	297
GSE221985	GSM6911237	RNA_E2C_KO_rep1	SRX18901419	SRR22944198	SAMN32527229	PAIRED	26524683	296
GSE221985	GSM6911238	RNA_E2C_KO_rep2	SRX18901420	SRR22944193	SAMN32527228	PAIRED	10933009	297
GSE221985	GSM6911243	RNA_L2C_Ctrl_rep1	SRX18901425	SRR22944187	SAMN32527223	PAIRED	10389467	300
GSE221985	GSM6911244	RNA_L2C_Ctrl_rep2	SRX18901426	SRR22944191	SAMN32527222	PAIRED	8635214	300
GSE221985	GSM6911245	RNA_L2C_KO_rep1	SRX18901427	SRR22944186	SAMN32527221	PAIRED	9827416	300
GSE221985	GSM6911246	RNA_L2C_KO_rep2	SRX18901428	SRR22944185	SAMN32527220	PAIRED	10844233	300
GSE235547	GSM7505042	Late 2-cell siCtrl rep1	SRX20747782	SRR24991732	SAMN35830295	PAIRED	33613420	106
GSE235547	GSM7505043	Late 2-cell siCtrl rep2	SRX20747783	SRR24991731	SAMN35830294	PAIRED	13269559	106
GSE235547	GSM7505044	Late 2-cell siObox3_2 rep1	SRX20747784	SRR24991730	SAMN35830293	PAIRED	38514943	106
GSE235547	GSM7505045	Late 2-cell siObox3_2 rep2	SRX20747785	SRR24991729	SAMN35830292	PAIRED	18475581	106
GSE235547	GSM7505046	ICSI late 2-cell rep1	SRX20747786	SRR24991728	SAMN35830291	PAIRED	22338440	302
GSE235547	GSM7505047	ICSI late 2-cell rep2	SRX20747787	SRR24991727	SAMN35830290	PAIRED	15826071	302
GSE235547	GSM7505048	SCNT EGFP late 2-cell rep1	SRX20747788	SRR24991726	SAMN35830289	PAIRED	20299812	302
GSE235547	GSM7505049	SCNT EGFP late 2-cell rep2	SRX20747789	SRR24991725	SAMN35830288	PAIRED	23004703	302
GSE235547	GSM7505050	SCNT Obox3 late 2-cell rep1	SRX20747790	SRR24991724	SAMN35830287	PAIRED	30344547	302
GSE235547	GSM7505051	SCNT Obox3 late 2-cell rep2	SRX20747791	SRR24991723	SAMN35830286	PAIRED	17368328	302
GSE248499	GSM7916001	IVF, rep1	SRX22617742	SRR26923904	SAMN38374638	PAIRED	13746217	302
GSE248499	GSM7916002	IVF, rep2	SRX22617743	SRR26923903	SAMN38374637	PAIRED	34953113	302
GSE248499	GSM7916003	IVF, rep3	SRX22617744	SRR26923902	SAMN38374636	PAIRED	34750251	302
GSE248499	GSM7916004	IVF, rep4	SRX22617745	SRR26923901	SAMN38374635	PAIRED	31087733	302
GSE248499	GSM7916005	SCNT, cont, rep1	SRX22617746	SRR26923900	SAMN38374634	PAIRED	23211778	302
GSE248499	GSM7916006	SCNT, cont, rep2	SRX22617747	SRR26923899	SAMN38374633	PAIRED	28936848	302
GSE248499	GSM7916011	SCNT, Kdm3a-injected, rep1	SRX22617752	SRR26923894	SAMN38374628	PAIRED	48964802	302
GSE248499	GSM7916012	SCNT, Kdm3a-injected, rep2	SRX22617753	SRR26923893	SAMN38374627	PAIRED	29450592	302
GSE248499	GSM7916013	SCNT, Kdm4d-injected, rep1	SRX22617754	SRR26923892	SAMN38374626	PAIRED	31890520	302
GSE248499	GSM7916014	SCNT, Kdm4d-injected, rep2	SRX22617755	SRR26923891	SAMN38374625	PAIRED	34203229	302
GSE280522	GSM8599757	RNA_E2C_DMSO_rep1	SRX26227026	SRR30827786	SAMN43537336	PAIRED	24974739	239
GSE280522	GSM8599758	RNA_E2C_DMSO_rep2	SRX26227027	SRR30827785	SAMN43537337	PAIRED	25312895	233
GSE280522	GSM8599759	RNA_E2C_DMSO_rep3	SRX26227038	SRR30827774	SAMN43537338	PAIRED	35898766	223
GSE280522	GSM8599760	RNA_E2C_DMSO_rep4	SRX26227049	SRR30827763	SAMN43537339	PAIRED	18727873	227
GSE280522	GSM8599761	RNA_E2C_A485_rep1	SRX26227060	SRR30827752	SAMN43537340	PAIRED	22552458	237
GSE280522	GSM8599762	RNA_E2C_A485_rep2	SRX26227071	SRR30827741	SAMN43537341	PAIRED	22843483	240
GSE280522	GSM8599763	RNA_E2C_A485_rep3	SRX26227082	SRR30827730	SAMN43537342	PAIRED	12961956	189
GSE280522	GSM8599764	RNA_E2C_A485_rep4	SRX26227093	SRR30827719	SAMN43537343	PAIRED	20265729	213
GSE280522	GSM8599765	RNA_E2C_A485+Dux_rep1	SRX26227098	SRR30827714	SAMN43537344	PAIRED	28044404	244
GSE280522	GSM8599766	RNA_E2C_A485+Dux_rep2	SRX26227099	SRR30827713	SAMN43537345	PAIRED	10564607	192
GSE280522	GSM8599767	RNA_E2C_A485+Dux_rep3	SRX26227028	SRR30827784	SAMN43537346	PAIRED	22875760	230
GSE280522	GSM8599768	RNA_E2C_A485+Dux_rep4	SRX26227029	SRR30827783	SAMN43537347	PAIRED	15618140	195
GSE280522	GSM8599769	RNA_L2C_DMSO_rep1	SRX26227030	SRR30827782	SAMN43537348	PAIRED	16329173	223
GSE280522	GSM8599770	RNA_L2C_DMSO_rep2	SRX26227031	SRR30827781	SAMN43537349	PAIRED	23017740	203
GSE280522	GSM8599771	RNA_L2C_DMSO_rep3	SRX26227032	SRR30827780	SAMN43537350	PAIRED	25234485	226
GSE280522	GSM8599772	RNA_L2C_DMSO_rep4	SRX26227033	SRR30827779	SAMN43537351	PAIRED	17370806	229
GSE280522	GSM8599773	RNA_L2C_A485_rep1	SRX26227034	SRR30827778	SAMN43537352	PAIRED	14819791	208
GSE280522	GSM8599774	RNA_L2C_A485_rep2	SRX26227035	SRR30827777	SAMN43537353	PAIRED	11292332	253
GSE280522	GSM8599775	RNA_L2C_A485_rep3	SRX26227036	SRR30827776	SAMN43537354	PAIRED	16143415	191
GSE280522	GSM8599776	RNA_L2C_A485_rep4	SRX26227037	SRR30827775	SAMN43537355	PAIRED	18330059	226
GSE280522	GSM8599777	RNA_L2C_A485+Dux_rep1	SRX26227039	SRR30827773	SAMN43537356	PAIRED	27105248	247
GSE280522	GSM8599778	RNA_L2C_A485+Dux_rep2	SRX26227040	SRR30827772	SAMN43537357	PAIRED	19250111	201
GSE280522	GSM8599779	RNA_L2C_A485+Dux_rep3	SRX26227041	SRR30827771	SAMN43537358	PAIRED	25491686	210
GSE280522	GSM8599780	RNA_L2C_A485+Dux_rep4	SRX26227042	SRR30827770	SAMN43537359	PAIRED	19267195	212
GSE300734	GSM9067488	WT_E2C_RNA-seq_r1	SRX29353288	SRR34172922	SAMN49599971	PAIRED	29974281	300
GSE300734	GSM9067489	WT_E2C_RNA-seq_r2	SRX29353291	SRR34172919	SAMN49599970	PAIRED	73156437	300
GSE300734	GSM9067490	WT_E2C_RNA-seq_r3	SRX29353277	SRR34172933	SAMN49599969	PAIRED	29544326	300
GSE300734	GSM9067491	KO_E2C_RNA-seq_r1	SRX29353278	SRR34172932	SAMN49599968	PAIRED	42021452	300
GSE300734	GSM9067492	KO_E2C_RNA-seq_r2	SRX29353271	SRR34172939	SAMN49599967	PAIRED	41786040	300
GSE300734	GSM9067493	KO_E2C_RNA-seq_r3	SRX29353272	SRR34172938	SAMN49599966	PAIRED	62471124	300
GSE300734	GSM9067494	WT_L2C_RNA-seq_r1	SRX29353273	SRR34172937	SAMN49599965	PAIRED	42742463	300
GSE300734	GSM9067495	WT_L2C_RNA-seq_r2	SRX29353274	SRR34172936	SAMN49599964	PAIRED	34635006	300
GSE300734	GSM9067496	WT_L2C_RNA-seq_r3	SRX29353275	SRR34172935	SAMN49599963	PAIRED	29631461	300
GSE300734	GSM9067497	KO_L2C_RNA-seq_r1	SRX29353276	SRR34172934	SAMN49599962	PAIRED	42419263	300
GSE300734	GSM9067498	KO_L2C_RNA-seq_r2	SRX29353289	SRR34172921	SAMN49599961	PAIRED	25294579	300
GSE300734	GSM9067499	KO_L2C_RNA-seq_r3	SRX29353290	SRR34172920	SAMN49599960	PAIRED	29053854	300
