run_accession	sample_title	library_layout	read_count	fastq_bytes
SRR23403444	Rhesus_16-cell_3	PAIRED	23032894	1801369653;2041432119
SRR23403450	Pig_Day3_8	PAIRED	5768112	449577483;503411735
SRR23403452	Pig_Day3_6	PAIRED	7207145	565850281;656014849
SRR23403462	Pig_Day2_8	PAIRED	4939196	383453838;423799599
SRR23403466	Pig_Day2_4	PAIRED	4240944	310182229;335407343
SRR23403468	Pig_Day2_2	PAIRED	6664724	500613501;573280033
SRR23403473	Rhesus_8-cell_1	PAIRED	15146719	1168362278;1302117226
SRR23403475	Rhesus_2-cell_2	PAIRED	13002157	1061448484;1195787308
SRR23403478	Rhesus_Zygote_3	PAIRED	10087040	748400022;846990811
SRR23403481	Rhesus_Oocyte_6	PAIRED	10356175	911035353;966732619
SRR23403488	Rabbit_Morula_11	PAIRED	6741808	494140866;508944544
SRR23403492	Rabbit_Morula_6	PAIRED	4714387	347441814;350266993
SRR23403494	Rabbit_Morula_4	PAIRED	4349399	346820794;347421213
SRR23403496	Rabbit_2-cell_1	PAIRED	7188010	589262303;581202051
SRR23403505	Rabbit_Zygote_3	PAIRED	5705568	479564097;498110911
SRR23403512	Rabbit_Oocyte_9	PAIRED	7579134	652115099;707520817
SRR23403515	Rabbit_Oocyte_6	PAIRED	5717030	518834142;511190927
SRR23403516	Rabbit_Oocyte_5	PAIRED	4017492	348772577;371729452
SRR23403521	Cow_8-cell_11	PAIRED	11276473	918798523;929745244
SRR23403528	Cow_8-cell_4	PAIRED	7738722	610019250;631236960
SRR23403529	Cow_8-cell_3	PAIRED	5883580	489798113;512448158
SRR23403533	Cow_4-cell_11	PAIRED	8345986	671088488;697686282
SRR23403537	Cow_4-cell_7	PAIRED	4603280	454174986;365003700
SRR23403541	Cow_4-cell_3	PAIRED	6039998	508703185;536044857
SRR23403556	Pig_2-cell_10	PAIRED	6254832	526073218;603398425
SRR23403560	Pig_2-cell_5	PAIRED	7624809	622851267;713375929
SRR23403568	Rabbit_8-cell_4	PAIRED	7015849	567753489;587765661
SRR23403578	Rabbit_4-cell_4	PAIRED	6383161	490943157;523900090
SRR23403579	Rabbit_4-cell_3	PAIRED	5012078	444803767;456527934
SRR23403580	Rabbit_4-cell_2	PAIRED	5242176	439729322;476891167
SRR23403586	Rabbit_2-cell_7	PAIRED	5785472	546845120;502376068
SRR23403592	Cow_Oocyte_12	PAIRED	4352817	398360108;400781831
SRR23403593	Cow_Oocyte_11	PAIRED	4984752	422487941;447006062
SRR23403598	Cow_Oocyte_5	PAIRED	6070219	499961631;521206886
SRR23403601	Cow_Oocyte_2	PAIRED	6261719	522649015;542074694
SRR23403606	Pig_Morula_9	PAIRED	6618522	479146227;521970941
SRR23403612	Pig_Morula_3	PAIRED	6686839	481425801;511575330
SRR23403616	Pig_Zygote_9	PAIRED	6747129	562356918;656554900
SRR23403620	Pig_Zygote_5	PAIRED	5883819	465979662;506877726
SRR23403621	Pig_Zygote_4	PAIRED	5572594	447633476;480402321
SRR23403629	Pig_Oocyte_8	PAIRED	5537166	455108614;503439553
SRR23403637	Mouse_16-cell_11	PAIRED	4848446	300743403;316232116
SRR23403641	Mouse_16-cell_7	PAIRED	6056299	439447641;511105096
SRR23403645	Mouse_16-cell_3	PAIRED	12388411	915061296;1083963196
SRR23403647	Mouse_16-cell_1	PAIRED	6897985	540108567;629628266
SRR23403649	Mouse_8-cell_11	PAIRED	4719614	315779443;346718725
SRR23403650	Mouse_8-cell_10	PAIRED	5484668	365266488;430517743
SRR23403651	Mouse_8-cell_9	PAIRED	6379125	477553111;561841992
SRR23403656	Mouse_8-cell_4	PAIRED	8003858	555025139;633657137
SRR23403658	Mouse_8-cell_2	PAIRED	8160627	548718662;623427973
SRR23403660	Mouse_4-cell_12	PAIRED	6289831	445351164;512149018
SRR23403668	Mouse_4-cell_3	PAIRED	7339291	528904434;586033353
SRR23403669	Mouse_4-cell_2	PAIRED	5163938	362897865;405607996
SRR23403670	Mouse_4-cell_1	PAIRED	7661874	543220519;609526279
SRR23403671	Mouse_Late-2-cell_10	PAIRED	6282023	462510177;521803302
SRR23403675	Mouse_Late-2-cell_6	PAIRED	5217323	392175405;457950418
SRR23403677	Mouse_Late-2-cell_4	PAIRED	6351013	452603413;502367206
SRR23403680	Mouse_Late-2-cell_1	PAIRED	6653150	455963748;505293536
SRR23403681	Mouse_Early-2-cell_12	PAIRED	2224937	239993912;179422644
SRR23403687	Mouse_Early-2-cell_4	PAIRED	9355936	753469532;907361195
SRR23403690	Rabbit_16-cell_12	PAIRED	4052826	310573227;309793947
SRR23403695	Rabbit_16-cell_7	PAIRED	7561285	593269459;613389203
SRR23403696	Rabbit_16-cell_6	PAIRED	6208501	483782048;530615092
SRR23403697	Rabbit_16-cell_5	PAIRED	5105458	401118520;440693643
SRR23403699	Rabbit_16-cell_3	PAIRED	4013385	383224916;320943478
SRR23403700	Rabbit_16-cell_2	PAIRED	6030380	475978148;510555092
SRR23403701	Rabbit_16-cell_1	PAIRED	6935591	570334823;613299124
SRR23403702	Rabbit_8-cell_15	PAIRED	2455044	189932569;194948286
SRR23403718	Cow_Morula_6	PAIRED	4698461	338534311;357351822
SRR23403721	Cow_Morula_3	PAIRED	6069554	479049850;475417692
SRR23403733	Cow_16-cell_3	PAIRED	5941194	501592979;450985473
SRR23403739	Cow_2-cell_9	PAIRED	5861020	471256987;478167347
SRR23403740	Cow_2-cell_8	PAIRED	4230943	391175317;373047856
SRR23403750	Cow_Zygote_10	PAIRED	4545649	380896510;404378725
SRR23403769	Mouse_Zygote_4	PAIRED	2093820	224174709;171360196
SRR23403773	Mouse_Oocyte_12	PAIRED	5599700	413044747;452467661
SRR29694180	SS2_PA_sample8	PAIRED	22511027	2436354686;2989816022
SRR29694183	SS2_sample5	PAIRED	17764355	2194742997;2434618088
SRR29694189	mESC_R2	PAIRED	11193475	697037913;755547106
SRR29694197	rbESC_R2T1S2	PAIRED	8550292	700381028;589194113
SRR29694198	rbESC_R2T1	PAIRED	8717555	712129772;597056230
SRR29694200	rbESC_R1T2	PAIRED	4457509	299243130;291878766
SRR23403446	Rhesus_16-cell_1	PAIRED	10461989	767506207;806997458
SRR23403447	Rhesus_8-cell_3	PAIRED	18659071	1362488936;1447209200
SRR23403457	Pig_Day3_1	PAIRED	4966749	403730465;452725035
SRR23403459	Pig_Day2_11	PAIRED	9000227	680659032;732618936
SRR23403460	Pig_Day2_10	PAIRED	6483284	533074139;608680904
SRR23403464	Pig_Day2_6	PAIRED	4921636	379258831;423454820
SRR23403470	Pig_4-cell_12	PAIRED	5776510	445120939;490940167
SRR23403476	Rhesus_2-cell_1	PAIRED	12259836	983533019;1107508306
SRR23403483	Rhesus_Oocyte_4	PAIRED	13065305	1107324245;1243962907
SRR23403485	Rhesus_Oocyte_2	PAIRED	14276699	1201368167;1378550474
SRR23403493	Rabbit_Morula_5	PAIRED	5842308	468162739;499997173
SRR23403495	Rabbit_Morula_3	PAIRED	2268246	166277976;164993834
SRR23403499	Rabbit_Zygote_9	PAIRED	6047550	480902378;495889532
SRR23403500	Rabbit_Zygote_8	PAIRED	7505109	616050622;660932967
SRR23403507	Rabbit_Zygote_1	PAIRED	8664774	743818967;785783752
SRR23403508	Rabbit_Oocyte_13	PAIRED	5928476	480712590;499049607
SRR23403513	Rabbit_Oocyte_8	PAIRED	2096527	172193702;177513084
SRR23403519	Rabbit_Oocyte_2	PAIRED	5213651	434709597;446582590
SRR23403534	Cow_4-cell_10	PAIRED	9525642	766576830;802030031
SRR23403539	Cow_4-cell_5	PAIRED	5991594	511796634;537456031
SRR23403552	Pig_4-cell_2	PAIRED	5784159	433250803;464741014
SRR23403553	Pig_4-cell_1	PAIRED	4127919	301291042;321677376
SRR23403557	Pig_2-cell_8	PAIRED	6435027	574495252;573718960
SRR23403559	Pig_2-cell_6	PAIRED	3820420	292022846;313750687
SRR23403566	Pig_Zygote_11	PAIRED	6173523	496981467;552410531
SRR23403569	Rabbit_8-cell_3	PAIRED	6395289	498514711;509205395
SRR23403573	Rabbit_4-cell_10	PAIRED	4900001	420796722;470228953
SRR23403575	Rabbit_4-cell_8	PAIRED	6926723	540124656;580144420
SRR23403591	Rabbit_2-cell_2	PAIRED	7807721	642148361;668808573
SRR23403597	Cow_Oocyte_6	PAIRED	5564301	464488721;482354156
SRR23403605	Pig_Morula_10	PAIRED	6680634	482932049;534284194
SRR23403607	Pig_Morula_8	PAIRED	7376083	565310317;650026215
SRR23403617	Pig_Zygote_8	PAIRED	2649255	207125464;214073327
SRR23403618	Pig_Zygote_7	PAIRED	4354129	351434349;375678117
SRR23403634	Pig_Oocyte_3	PAIRED	5024632	422336705;508996522
SRR23403635	Pig_Oocyte_1	PAIRED	5441907	445221103;487080350
SRR23403636	Mouse_16-cell_12	PAIRED	3659416	225883965;240481972
SRR23403639	Mouse_16-cell_9	PAIRED	6642742	429893162;447822386
SRR23403648	Mouse_8-cell_12	PAIRED	5722136	389840968;437656970
SRR23403654	Mouse_8-cell_6	PAIRED	5562968	378878465;438345027
SRR23403661	Mouse_4-cell_11	PAIRED	9023285	652335287;732083649
SRR23403672	Mouse_Late-2-cell_9	PAIRED	8302380	585224217;643087309
SRR23403678	Mouse_Late-2-cell_3	PAIRED	7968601	631070194;718297830
SRR23403679	Mouse_Late-2-cell_2	PAIRED	5111623	355710256;400310341
SRR23403685	Mouse_Early-2-cell_7	PAIRED	8452897	680667157;702303505
SRR23403691	Rabbit_16-cell_11	PAIRED	6279041	465601975;485117350
SRR23403703	Rabbit_8-cell_14	PAIRED	6197671	498145299;543343493
SRR23403712	Rabbit_Oocyte_1	PAIRED	5749092	477249692;487997634
SRR23403725	Cow_16-cell_11	PAIRED	7983838	689977314;718838231
SRR23403727	Cow_16-cell_9	PAIRED	7770614	614740321;655613360
SRR23403731	Cow_16-cell_5	PAIRED	8868723	695757828;708649565
SRR23403738	Cow_2-cell_10	PAIRED	4260772	354016401;360684739
SRR23403745	Cow_2-cell_3	PAIRED	6854826	559724494;565583805
SRR23403751	Cow_Zygote_9	PAIRED	4810101	381986582;391343274
SRR23403761	Mouse_Early-2-cell_1	PAIRED	5851932	441718014;502541453
SRR23403764	Mouse_Zygote_10	PAIRED	6859610	506535341;572831169
SRR23403766	Mouse_Zygote_7	PAIRED	4981931	342630242;371846200
SRR23403768	Mouse_Zygote_5	PAIRED	6205547	451665760;517555136
SRR23403778	Mouse_Oocyte_6	PAIRED	5686002	467457111;519646249
SRR29694181	SS2_PA_sample7	PAIRED	23888729	2689093657;2998848978
SRR29694185	mESC_R6	PAIRED	3934441	370975621;305132462
SRR29694190	mESC_R1	PAIRED	10047493	755482597;811881038
SRR29694192	rbESC_R3T2	PAIRED	5942745	404793678;375965310
SRR29694193	rbESC_R3T1S2	PAIRED	7316933	479247704;469048455
SRR29694195	rbESC_R2T2S2	PAIRED	6730272	426401278;413538918
SRR23403448	Pig_Day3_11	PAIRED	5516924	422900542;477639576
SRR23403449	Pig_Day3_10	PAIRED	5586882	413498794;467417775
SRR23403451	Pig_Day3_7	PAIRED	4936111	360395662;385944152
SRR23403453	Pig_Day3_5	PAIRED	5814058	449972206;488524815
SRR23403454	Pig_Day3_4	PAIRED	7049380	524309783;596815743
SRR23403456	Pig_Day3_2	PAIRED	6115439	438506203;485615835
SRR23403461	Pig_Day2_9	PAIRED	5217951	402255648;408104263
SRR23403467	Pig_Day2_3	PAIRED	4856235	379330270;400165571
SRR23403469	Pig_Day2_1	PAIRED	5557058	440044962;477910384
SRR23403474	Rhesus_4-cell_2	PAIRED	20694743	1552050067;1771144955
SRR23403487	Rabbit_Morula_12	PAIRED	2292575	220321096;150869526
SRR23403489	Rabbit_Morula_9	PAIRED	5651342	422749691;448685332
SRR23403497	Rabbit_Zygote_11	PAIRED	6961446	516708969;510668446
SRR23403498	Rabbit_Zygote_10	PAIRED	6681960	525309780;539751085
SRR23403504	Rabbit_Zygote_4	PAIRED	3773034	416670104;326819446
SRR23403509	Rabbit_Oocyte_12	PAIRED	5699581	524082283;538581287
SRR23403511	Rabbit_Oocyte_10	PAIRED	8027498	676901489;716416637
SRR23403514	Rabbit_Oocyte_7	PAIRED	6142944	608363673;571842853
SRR23403531	Cow_8-cell_1	PAIRED	5470407	478909241;489517206
SRR23403532	Cow_4-cell_12	PAIRED	9592147	766624923;761587426
SRR23403542	Cow_4-cell_2	PAIRED	5896083	476088833;498534396
SRR23403545	Pig_4-cell_9	PAIRED	9407667	740272185;809487909
SRR23403546	Pig_4-cell_8	PAIRED	2795188	225654799;247809921
SRR23403549	Pig_4-cell_5	PAIRED	6503411	500725144;556947182
SRR23403550	Pig_4-cell_4	PAIRED	6226825	473388496;521447489
SRR23403551	Pig_4-cell_3	PAIRED	6737613	526328461;569509103
SRR23403563	Pig_2-cell_2	PAIRED	5018280	393754430;431380075
SRR23403564	Pig_2-cell_1	PAIRED	4098117	321952967;343778714
SRR23403571	Rabbit_8-cell_1	PAIRED	5144151	391259059;418933205
SRR23403572	Rabbit_4-cell_11	PAIRED	6768262	577761367;641995103
SRR23403581	Rabbit_4-cell_1	PAIRED	6965343	597492712;647918003
SRR23403582	Rabbit_2-cell_12	PAIRED	2736763	308127630;217078718
SRR23403583	Rabbit_2-cell_10	PAIRED	5863410	472503240;479165730
SRR23403587	Rabbit_2-cell_6	PAIRED	8130055	653672194;714805507
SRR23403588	Rabbit_2-cell_5	PAIRED	8662560	716666345;725673150
SRR23403590	Rabbit_2-cell_3	PAIRED	7622442	588471161;590365579
SRR23403596	Cow_Oocyte_7	PAIRED	6411188	538704819;567089985
SRR23403603	Pig_Morula_12	PAIRED	6576838	508517164;576817336
SRR23403608	Pig_Morula_7	PAIRED	6826532	522917928;595121966
SRR23403609	Pig_Morula_6	PAIRED	5424664	428511276;494459488
SRR23403615	Pig_Day3_12	PAIRED	4812743	357824647;399619192
SRR23403619	Pig_Zygote_6	PAIRED	4744954	357380773;378663213
SRR23403625	Pig_Oocyte_12	PAIRED	4753320	418002892;436690860
SRR23403631	Pig_Oocyte_6	PAIRED	4820686	388796380;421237546
SRR23403633	Pig_Oocyte_4	PAIRED	3114455	259177642;280229255
SRR23403638	Mouse_16-cell_10	PAIRED	6723137	418589567;443651091
SRR23403642	Mouse_16-cell_6	PAIRED	6716269	477100693;559118203
SRR23403643	Mouse_16-cell_5	PAIRED	6598416	480630826;551179280
SRR23403652	Mouse_8-cell_8	PAIRED	5025932	343529226;387326954
SRR23403655	Mouse_8-cell_5	PAIRED	6277364	429826457;486679270
SRR23403664	Mouse_4-cell_7	PAIRED	7595553	573664253;685976907
SRR23403665	Mouse_4-cell_6	PAIRED	6060234	449719233;529933564
SRR23403673	Mouse_Late-2-cell_8	PAIRED	4965270	351877267;391343584
SRR23403674	Mouse_Late-2-cell_7	PAIRED	6256547	467859814;546298727
SRR23403688	Rabbit_Morula_2	PAIRED	6122659	474329107;493020792
SRR23403689	Rabbit_Morula_1	PAIRED	4813960	358523330;351028567
SRR23403704	Rabbit_8-cell_13	PAIRED	5100668	398541131;446146556
SRR23403706	Rabbit_8-cell_11	PAIRED	6953469	488637695;495729996
SRR23403714	Cow_Morula_10	PAIRED	10716240	787542042;805387115
SRR23403715	Cow_Morula_9	PAIRED	8010038	656318580;667535292
SRR23403717	Cow_Morula_7	PAIRED	4971468	360449795;374184950
SRR23403722	Cow_Morula_2	PAIRED	5542784	441587335;471130414
SRR23403736	Cow_2-cell_12	PAIRED	2238020	245692522;174026539
SRR23403742	Cow_2-cell_6	PAIRED	4623350	388666250;410743631
SRR23403746	Cow_2-cell_2	PAIRED	5875830	497357557;519064069
SRR23403748	Cow_Zygote_12	PAIRED	6415738	517020255;515829200
SRR23403754	Cow_Zygote_6	PAIRED	5724798	465574808;476503029
SRR23403756	Cow_Zygote_4	PAIRED	6217617	501673845;502175319
SRR23403758	Cow_Zygote_2	PAIRED	4671899	393424249;374689393
SRR23403762	Mouse_Zygote_12	PAIRED	5177480	360185624;407596231
SRR23403767	Mouse_Zygote_6	PAIRED	6299067	476124991;538361832
SRR23403771	Mouse_Zygote_2	PAIRED	5781153	434971992;500222776
SRR23403774	Mouse_Oocyte_11	PAIRED	7489743	554049560;625868954
SRR23403776	Mouse_Oocyte_8	PAIRED	8189068	583830038;660153260
SRR23403781	Mouse_Oocyte_3	PAIRED	8912287	727561196;908590748
SRR23403782	Mouse_Oocyte_2	PAIRED	8268354	670752517;795134717
SRR29694196	rbESC_R2T2	PAIRED	6817274	431266315;418024115
SRR29694199	rbESC_R1T2S2	PAIRED	4438007	297786474;290947545
SRR29694182	SS2_sample6	PAIRED	28989737	3558560508;3870896137
SRR29694184	mESC_R7	PAIRED	17630574	1365751194;1500332985
SRR29694186	mESC_R5	PAIRED	4706849	460572230;340431892
SRR29694187	mESC_R4	PAIRED	18179601	152461;1486060621;1611993968
SRR23403445	Rhesus_16-cell_2	PAIRED	19897681	1536882234;1735079600
SRR23403463	Pig_Day2_7	PAIRED	6527522	505717828;557677247
SRR23403480	Rhesus_Zygote_1	PAIRED	10751417	746852496;888172460
SRR23403484	Rhesus_Oocyte_3	PAIRED	13610423	1157485814;1392611293
SRR23403490	Rabbit_Morula_8	PAIRED	6369630	491462396;495864935
SRR23403491	Rabbit_Morula_7	PAIRED	4598081	367716296;382067921
SRR23403501	Rabbit_Zygote_7	PAIRED	6986802	594788492;638622813
SRR23403502	Rabbit_Zygote_6	PAIRED	7416293	607338105;655745152
SRR23403503	Rabbit_Zygote_5	PAIRED	6287321	535480623;591855509
SRR23403506	Rabbit_Zygote_2	PAIRED	9656543	785287757;840016105
SRR23403518	Rabbit_Oocyte_3	PAIRED	6779608	581479112;675230322
SRR23403522	Cow_8-cell_10	PAIRED	9711694	786230550;816606279
SRR23403524	Cow_8-cell_8	PAIRED	10616281	864349636;879614220
SRR23403526	Cow_8-cell_6	PAIRED	7504652	580228567;604416936
SRR23403527	Cow_8-cell_5	PAIRED	6159430	476991335;488723048
SRR23403530	Cow_8-cell_2	PAIRED	8474539	689115727;719322061
SRR23403535	Cow_4-cell_9	PAIRED	6397149	511254035;518148359
SRR23403538	Cow_4-cell_6	PAIRED	6733248	537542969;553693772
SRR23403540	Cow_4-cell_4	PAIRED	6748906	553227883;587282772
SRR23403543	Cow_4-cell_1	PAIRED	6065245	496545781;530600473
SRR23403544	Pig_4-cell_10	PAIRED	6790594	558088671;658377929
SRR23403547	Pig_4-cell_7	PAIRED	6680823	661213806;608152611
SRR23403548	Pig_4-cell_6	PAIRED	7275763	568826529;627220926
SRR23403554	Pig_2-cell_12	PAIRED	2933802	317180933;259062497
SRR23403561	Pig_2-cell_4	PAIRED	3057491	337237416;246367914
SRR23403565	Pig_Zygote_12	PAIRED	6196934	516897605;576819669
SRR23403567	Pig_Zygote_10	PAIRED	10438102	885009344;1041562773
SRR23403577	Rabbit_4-cell_5	PAIRED	6444718	528172946;570340739
SRR23403585	Rabbit_2-cell_8	PAIRED	6991853	557859685;591612647
SRR23403589	Rabbit_2-cell_4	PAIRED	6403188	520034886;535620451
SRR23403599	Cow_Oocyte_4	PAIRED	7619296	655412931;669200674
SRR23403600	Cow_Oocyte_3	PAIRED	7535067	640529385;735013091
SRR23403602	Cow_Oocyte_1	PAIRED	5570592	469999190;483186961
SRR23403604	Pig_Morula_11	PAIRED	6601227	460026663;511478348
SRR23403610	Pig_Morula_5	PAIRED	6917154	513420903;584405535
SRR23403611	Pig_Morula_4	PAIRED	6785816	501432525;571528196
SRR23403622	Pig_Zygote_3	PAIRED	4794680	448788504;430501020
SRR23403623	Pig_Zygote_2	PAIRED	4477046	367812541;377158803
SRR23403624	Pig_Zygote_1	PAIRED	10885144	869011924;935656111
SRR23403627	Pig_Oocyte_10	PAIRED	6037317	511631593;584509278
SRR23403640	Mouse_16-cell_8	PAIRED	6983830	517326713;611637188
SRR23403653	Mouse_8-cell_7	PAIRED	6595747	495789311;581857028
SRR23403666	Mouse_4-cell_5	PAIRED	5883399	399677329;467550128
SRR23403682	Mouse_Early-2-cell_11	PAIRED	5478482	423682585;463439109
SRR23403692	Rabbit_16-cell_10	PAIRED	7719329	583956986;588787882
SRR23403693	Rabbit_16-cell_9	PAIRED	5669121	427602905;429978311
SRR23403713	Cow_Morula_11	PAIRED	8339719	683457177;707583367
SRR23403723	Cow_Morula_1	PAIRED	7001320	507768536;524106431
SRR23403724	Cow_16-cell_12	PAIRED	8680989	710423675;720740253
SRR23403729	Cow_16-cell_7	PAIRED	9889429	725377711;727355169
SRR23403741	Cow_2-cell_7	PAIRED	6441637	531162223;556549683
SRR23403743	Cow_2-cell_5	PAIRED	6093591	490444183;516656445
SRR23403744	Cow_2-cell_4	PAIRED	2867504	320895504;236039877
SRR23403755	Cow_Zygote_5	PAIRED	6971834	576607364;589207054
SRR23403760	Mouse_Early-2-cell_3	PAIRED	6385814	477776275;547867286
SRR23403770	Mouse_Zygote_3	PAIRED	6360824	461910063;520538013
SRR23403775	Mouse_Oocyte_10	PAIRED	7956866	611581158;699431354
SRR23403780	Mouse_Oocyte_4	PAIRED	9255248	757730268;886170824
SRR23403783	Mouse_Oocyte_1	PAIRED	5527553	427271327;499512813
SRR23403455	Pig_Day3_3	PAIRED	4569830	341642568;382115699
SRR23403458	Pig_Day2_12	PAIRED	6819052	527345854;611846883
SRR23403465	Pig_Day2_5	PAIRED	5492253	440390142;505216248
SRR23403471	Pig_4-cell_11	PAIRED	6529971	530297496;622808995
SRR23403472	Rhesus_8-cell_2	PAIRED	5294653	570695619;474387468
SRR23403477	Rhesus_Zygote_4	PAIRED	6572346	638635017;501972645
SRR23403479	Rhesus_Zygote_2	PAIRED	9439743	659228334;757984836
SRR23403482	Rhesus_Oocyte_5	PAIRED	11702230	980085002;1114026216
SRR23403486	Rhesus_Oocyte_1	PAIRED	9283474	784952360;913754233
SRR23403510	Rabbit_Oocyte_11	PAIRED	6697481	563877354;603089972
SRR23403517	Rabbit_Oocyte_4	PAIRED	11073269	967943087;1012829927
SRR23403520	Cow_8-cell_12	PAIRED	8363648	697340856;739719366
SRR23403523	Cow_8-cell_9	PAIRED	9213481	809973102;779533564
SRR23403525	Cow_8-cell_7	PAIRED	9463393	747151273;751862697
SRR23403536	Cow_4-cell_8	PAIRED	5793853	464441006;470689928
SRR23403555	Pig_2-cell_11	PAIRED	4386850	358003560;371791805
SRR23403558	Pig_2-cell_7	PAIRED	7906774	639797155;719484023
SRR23403562	Pig_2-cell_3	PAIRED	4602102	350016817;371364738
SRR23403570	Rabbit_8-cell_2	PAIRED	6740177	520668843;558595144
SRR23403574	Rabbit_4-cell_9	PAIRED	8936889	740265074;789733653
SRR23403576	Rabbit_4-cell_6	PAIRED	5571208	458178139;490097634
SRR23403584	Rabbit_2-cell_9	PAIRED	6957337	551146753;565198170
SRR23403594	Cow_Oocyte_10	PAIRED	5776397	481362835;499477512
SRR23403595	Cow_Oocyte_8	PAIRED	6075752	514396851;555251770
SRR23403613	Pig_Morula_2	PAIRED	6809926	487248491;533986664
SRR23403614	Pig_Morula_1	PAIRED	8079389	611800105;682873334
SRR23403626	Pig_Oocyte_11	PAIRED	6195735	535229119;628393231
SRR23403628	Pig_Oocyte_9	PAIRED	8009522	681790113;798824121
SRR23403630	Pig_Oocyte_7	PAIRED	7350810	605446858;685551484
SRR23403632	Pig_Oocyte_5	PAIRED	5121457	437633906;502441614
SRR23403644	Mouse_16-cell_4	PAIRED	7368704	532669362;612638020
SRR23403646	Mouse_16-cell_2	PAIRED	5782948	445938561;521503067
SRR23403657	Mouse_8-cell_3	PAIRED	6853910	612262037;520873638
SRR23403659	Mouse_8-cell_1	PAIRED	7571752	513513485;587745303
SRR23403662	Mouse_4-cell_9	PAIRED	5945234	446161054;480495962
SRR23403663	Mouse_4-cell_8	PAIRED	5132394	415575365;457487337
SRR23403667	Mouse_4-cell_4	PAIRED	7439120	553226943;636003674
SRR23403676	Mouse_Late-2-cell_5	PAIRED	6218413	454819040;528052209
SRR23403683	Mouse_Early-2-cell_10	PAIRED	5038241	379249358;422349346
SRR23403684	Mouse_Early-2-cell_9	PAIRED	13122739	944244100;1064584209
SRR23403686	Mouse_Early-2-cell_6	PAIRED	6227052	475522194;567494846
SRR23403694	Rabbit_16-cell_8	PAIRED	7168612	559827141;591997895
SRR23403698	Rabbit_16-cell_4	PAIRED	5317672	409965393;437077322
SRR23403705	Rabbit_8-cell_12	PAIRED	6454727	492468859;498050981
SRR23403707	Rabbit_8-cell_9	PAIRED	8431283	633530755;642603089
SRR23403708	Rabbit_8-cell_8	PAIRED	4464127	380297288;365170065
SRR23403709	Rabbit_8-cell_7	PAIRED	5312943	405495786;430974765
SRR23403710	Rabbit_8-cell_6	PAIRED	4228723	321196104;350944982
SRR23403711	Rabbit_8-cell_5	PAIRED	6715824	512594924;557027775
SRR23403716	Cow_Morula_8	PAIRED	5588777	434256068;433596141
SRR23403719	Cow_Morula_5	PAIRED	4875137	366117495;380065734
SRR23403720	Cow_Morula_4	PAIRED	6841292	511084596;539772796
SRR23403726	Cow_16-cell_10	PAIRED	7980009	635386237;671471207
SRR23403728	Cow_16-cell_8	PAIRED	4692735	369006154;368321666
SRR23403730	Cow_16-cell_6	PAIRED	10071305	814358835;860128062
SRR23403732	Cow_16-cell_4	PAIRED	6982793	532075993;558903480
SRR23403734	Cow_16-cell_2	PAIRED	6139598	461001259;500035357
SRR23403735	Cow_16-cell_1	PAIRED	7316335	563870055;572925516
SRR23403737	Cow_2-cell_11	PAIRED	4027586	341036082;330972404
SRR23403747	Cow_2-cell_1	PAIRED	5761046	474615746;485932729
SRR23403749	Cow_Zygote_11	PAIRED	5666900	476773366;495846957
SRR23403752	Cow_Zygote_8	PAIRED	5516317	487655799;488321644
SRR23403753	Cow_Zygote_7	PAIRED	4435460	368789802;365714127
SRR23403757	Cow_Zygote_3	PAIRED	6021653	560823924;512101310
SRR23403759	Cow_Zygote_1	PAIRED	6390441	515362938;518600314
SRR23403763	Mouse_Zygote_11	PAIRED	5108566	385927715;442157378
SRR23403765	Mouse_Zygote_8	PAIRED	5282076	378074099;424698668
SRR23403772	Mouse_Zygote_1	PAIRED	5127313	377193968;420751800
SRR23403777	Mouse_Oocyte_7	PAIRED	6850245	575416833;594674753
SRR23403779	Mouse_Oocyte_5	PAIRED	8218230	663724097;783903932
SRR29694188	mESC_R3	PAIRED	8570794	618051326;716493361
SRR29694191	rbESC_R3T2S2	PAIRED	5851779	399547343;370736735
SRR29694194	rbESC_R3T1	PAIRED	7405767	484869309;474006282
