species	analysis	interval	cell_number	delta	ci_lo	ci_hi	ci_excludes_0	p_boot_most_negative	is_zga	feature_coverage	n_genes_mapped	n_genes_raw
Mouse	primary	Oocyte->Zygote	fertilisation	0.11929673127211227	0.0760222920507095	0.16557682109852648	True	0.0	False	0.6921903308858587	54838.0	54838.0
Mouse	primary	Zygote->Early-2-cell	1->2	-0.011604316602696632	-0.05744726394035616	0.03524374018276462	False	0.0	False	0.6921903308858587	54838.0	54838.0
Mouse	primary	Early-2-cell->Late-2-cell	within-2-cell	-0.1907261065003133	-0.2512696888293595	-0.13267682304460424	True	1.0	True	0.6921903308858587	54838.0	54838.0
Mouse	primary	Late-2-cell->4-cell	2->4	0.056855943099380246	-0.008146552113247711	0.12343605251575437	False	0.0	False	0.6921903308858587	54838.0	54838.0
Mouse	primary	4-cell->8-cell	4->8	0.11652592025762903	0.06558213085575178	0.16637117165336368	True	0.0	False	0.6921903308858587	54838.0	54838.0
Mouse	primary	8-cell->16-cell	8->16	-0.04076689571798211	-0.09864186157625718	0.024678595403034433	False	0.0	False	0.6921903308858587	54838.0	54838.0
Mouse	primary_residualised_depth_detected	Oocyte->Zygote	fertilisation	0.10917258806418309	0.06720517574011295	0.15367591282456014	True	0.0	False			
Mouse	primary_residualised_depth_detected	Zygote->Early-2-cell	1->2	0.020006512363253265	-0.025120846424278323	0.06640014375836806	False	0.0	False			
Mouse	primary_residualised_depth_detected	Early-2-cell->Late-2-cell	within-2-cell	-0.16552998801546692	-0.22836710732801802	-0.10158419780150789	True	0.997	True			
Mouse	primary_residualised_depth_detected	Late-2-cell->4-cell	2->4	0.011812077843130209	-0.05572051294776825	0.08071562427272534	False	0.002	False			
Mouse	primary_residualised_depth_detected	4-cell->8-cell	4->8	0.11775790841456557	0.05755839308755479	0.17579406202167355	True	0.0	False			
Mouse	primary_residualised_depth_detected	8-cell->16-cell	8->16	-0.036059451075086374	-0.09183472620537031	0.028740820016819043	False	0.001	False			
Mouse	EN_Chronoage_Multispecies_Multitissue_yugenediff	Oocyte->Zygote	fertilisation	0.027320541258767754	0.0011174200345683612	0.05526600437706911	True	0.0	False	0.6921903308858587	54838.0	54838.0
Mouse	EN_Chronoage_Multispecies_Multitissue_yugenediff	Zygote->Early-2-cell	1->2	-0.06419612615469314	-0.08396733322364937	-0.04470854149631633	True	0.0	False	0.6921903308858587	54838.0	54838.0
Mouse	EN_Chronoage_Multispecies_Multitissue_yugenediff	Early-2-cell->Late-2-cell	within-2-cell	-0.16947591260161873	-0.20195879491221644	-0.13509535639336354	True	1.0	True	0.6921903308858587	54838.0	54838.0
Mouse	EN_Chronoage_Multispecies_Multitissue_yugenediff	Late-2-cell->4-cell	2->4	-0.022367484512932523	-0.0670501111619387	0.022491404455996587	False	0.0	False	0.6921903308858587	54838.0	54838.0
Mouse	EN_Chronoage_Multispecies_Multitissue_yugenediff	4-cell->8-cell	4->8	-0.02942914588131121	-0.07770229839056007	0.02375416156481719	False	0.0	False	0.6921903308858587	54838.0	54838.0
Mouse	EN_Chronoage_Multispecies_Multitissue_yugenediff	8-cell->16-cell	8->16	-0.00795065430309344	-0.07505654058191794	0.054366944651866644	False	0.0	False	0.6921903308858587	54838.0	54838.0
Mouse	EN_Mortality_Multispecies_Multitissue_scaleddiff	Oocyte->Zygote	fertilisation	0.3143913985946427	0.14978290089260995	0.49613267098222935	True	0.0	False	0.6921903308858587	54838.0	54838.0
Mouse	EN_Mortality_Multispecies_Multitissue_scaleddiff	Zygote->Early-2-cell	1->2	-0.026761900531891758	-0.2153217494655511	0.13846438661198557	False	0.023	False	0.6921903308858587	54838.0	54838.0
Mouse	EN_Mortality_Multispecies_Multitissue_scaleddiff	Early-2-cell->Late-2-cell	within-2-cell	-0.33136909097206013	-0.522473502126369	-0.15067730582477631	True	0.97	True	0.6921903308858587	54838.0	54838.0
Mouse	EN_Mortality_Multispecies_Multitissue_scaleddiff	Late-2-cell->4-cell	2->4	0.165467937026225	-0.02211955090960874	0.35666802116704355	False	0.001	False	0.6921903308858587	54838.0	54838.0
Mouse	EN_Mortality_Multispecies_Multitissue_scaleddiff	4-cell->8-cell	4->8	0.3588826478493696	0.146171254425683	0.5938249344150984	True	0.0	False	0.6921903308858587	54838.0	54838.0
Mouse	EN_Mortality_Multispecies_Multitissue_scaleddiff	8-cell->16-cell	8->16	0.033141770400930026	-0.23093764594152066	0.29201250590509165	False	0.006	False	0.6921903308858587	54838.0	54838.0
Mouse	EN_Chronoage_Mouse_Multitissue_scaleddiff	Oocyte->Zygote	fertilisation	0.10881979130384002	0.076035537571353	0.14174642357268843	True	0.0	False	0.6131855309218203	54838.0	54838.0
Mouse	EN_Chronoage_Mouse_Multitissue_scaleddiff	Zygote->Early-2-cell	1->2	-0.030583712039191108	-0.060515516037551384	0.0006708202483179714	False	0.003	False	0.6131855309218203	54838.0	54838.0
Mouse	EN_Chronoage_Mouse_Multitissue_scaleddiff	Early-2-cell->Late-2-cell	within-2-cell	-0.0788300949125834	-0.1218258488382127	-0.03604039415740821	True	0.709	True	0.6131855309218203	54838.0	54838.0
Mouse	EN_Chronoage_Mouse_Multitissue_scaleddiff	Late-2-cell->4-cell	2->4	-0.055204601047868535	-0.10127658786256331	-0.009666929782589942	True	0.288	False	0.6131855309218203	54838.0	54838.0
Mouse	EN_Chronoage_Mouse_Multitissue_scaleddiff	4-cell->8-cell	4->8	0.054390264921445754	0.02313348482808483	0.08821544678983821	True	0.0	False	0.6131855309218203	54838.0	54838.0
Mouse	EN_Chronoage_Mouse_Multitissue_scaleddiff	8-cell->16-cell	8->16	0.032983418805091154	-0.0022897676571942997	0.06670425789044451	False	0.0	False	0.6131855309218203	54838.0	54838.0
Cow	primary	Oocyte->Zygote	fertilisation	0.0126033953866699	-0.03469053506409561	0.06536596200734172	False	0.0	False	0.6630113473824736	14695.0	16407.0
Cow	primary	Zygote->2-cell	1->2	0.027038210500959878	-0.02189716369510585	0.0750110195338293	False	0.0	False	0.6630113473824736	14695.0	16407.0
Cow	primary	2-cell->4-cell	2->4	0.04907736395236628	0.002378461037177985	0.09765088194382092	True	0.0	False	0.6630113473824736	14695.0	16407.0
Cow	primary	4-cell->8-cell	4->8	-0.03511672278067113	-0.07698084148303734	0.0035793511565510496	False	0.0	False	0.6630113473824736	14695.0	16407.0
Cow	primary	8-cell->16-cell	8->16	-0.3139086126413045	-0.3762353243191	-0.24934615692372156	True	0.1505	True	0.6630113473824736	14695.0	16407.0
Cow	primary	16-cell->Morula	16->morula	-0.38869774292619663	-0.468109163216747	-0.3078584280908204	True	0.8495	False	0.6630113473824736	14695.0	16407.0
Cow	primary_residualised_depth_detected	Oocyte->Zygote	fertilisation	0.21150996876336534	0.15632179825381765	0.2735125371837602	True	0.0	False			
Cow	primary_residualised_depth_detected	Zygote->2-cell	1->2	0.06733534268749673	0.011901353099703036	0.11900321081211555	True	0.0	False			
Cow	primary_residualised_depth_detected	2-cell->4-cell	2->4	-0.10129365437028555	-0.1662522289265289	-0.033799861882564765	True	0.035	False			
Cow	primary_residualised_depth_detected	4-cell->8-cell	4->8	-0.05354578596644272	-0.13899222918626727	0.029247214939701595	False	0.004	False			
Cow	primary_residualised_depth_detected	8-cell->16-cell	8->16	-0.04232281434339307	-0.13167918106838727	0.050296530555843245	False	0.013	True			
Cow	primary_residualised_depth_detected	16-cell->Morula	16->morula	-0.22184103433422578	-0.33530274357001194	-0.10541535878291765	True	0.948	False			
Cow	EN_Chronoage_Multispecies_Multitissue_yugenediff	Oocyte->Zygote	fertilisation	-0.05693895150363558	-0.09667648974814809	-0.01758659061060064	True	0.0	False	0.6630113473824736	14695.0	16407.0
Cow	EN_Chronoage_Multispecies_Multitissue_yugenediff	Zygote->2-cell	1->2	0.015921220276686063	-0.023241819315443436	0.05820906992217843	False	0.0	False	0.6630113473824736	14695.0	16407.0
Cow	EN_Chronoage_Multispecies_Multitissue_yugenediff	2-cell->4-cell	2->4	0.050395973499726396	0.016441796254937538	0.08218007264871967	True	0.0	False	0.6630113473824736	14695.0	16407.0
Cow	EN_Chronoage_Multispecies_Multitissue_yugenediff	4-cell->8-cell	4->8	-0.04472046482087706	-0.0842839719176395	-0.006045957577858354	True	0.0	False	0.6630113473824736	14695.0	16407.0
Cow	EN_Chronoage_Multispecies_Multitissue_yugenediff	8-cell->16-cell	8->16	-0.17135171869199245	-0.24065036545659188	-0.10257565645308166	True	0.018	True	0.6630113473824736	14695.0	16407.0
Cow	EN_Chronoage_Multispecies_Multitissue_yugenediff	16-cell->Morula	16->morula	-0.31411508335080907	-0.38326609588201266	-0.24276752780713481	True	0.982	False	0.6630113473824736	14695.0	16407.0
Cow	EN_Mortality_Multispecies_Multitissue_scaleddiff	Oocyte->Zygote	fertilisation	-0.019803283862126098	-0.22473448535210888	0.1945597579076127	False	0.0	False	0.6630113473824736	14695.0	16407.0
Cow	EN_Mortality_Multispecies_Multitissue_scaleddiff	Zygote->2-cell	1->2	0.09711610807592305	-0.09572392286694772	0.2919950183416796	False	0.0	False	0.6630113473824736	14695.0	16407.0
Cow	EN_Mortality_Multispecies_Multitissue_scaleddiff	2-cell->4-cell	2->4	0.07473613144834654	-0.11718647560966947	0.2567977011532253	False	0.0	False	0.6630113473824736	14695.0	16407.0
Cow	EN_Mortality_Multispecies_Multitissue_scaleddiff	4-cell->8-cell	4->8	-0.09470219224134535	-0.26803921786691765	0.0959465632183216	False	0.0	False	0.6630113473824736	14695.0	16407.0
Cow	EN_Mortality_Multispecies_Multitissue_scaleddiff	8-cell->16-cell	8->16	-0.7755315289959573	-1.0454846505018311	-0.5260797929568588	True	0.1025	True	0.6630113473824736	14695.0	16407.0
Cow	EN_Mortality_Multispecies_Multitissue_scaleddiff	16-cell->Morula	16->morula	-1.1154307237698227	-1.4204918447272028	-0.8045658636719158	True	0.8975	False	0.6630113473824736	14695.0	16407.0
Pig	primary	Oocyte->Zygote	fertilisation	0.10570969954148797	0.0672195112790183	0.14443472876464022	True	0.0	False	0.6207685706112329	15377.0	25880.0
Pig	primary	Zygote->2-cell	1->2	0.06357669152993418	0.002949708788190107	0.13067090638212098	True	0.0	False	0.6207685706112329	15377.0	25880.0
Pig	primary	2-cell->4-cell	2->4	-0.0365358900517497	-0.11194366273171788	0.03054520438572737	False	0.0155	True	0.6207685706112329	15377.0	25880.0
Pig	primary	4-cell->Day2	4->8	-0.047953288741367284	-0.1042604178795661	0.005615441562169294	False	0.018	False	0.6207685706112329	15377.0	25880.0
Pig	primary	Day2->Day3	8->16	-0.06212930724454483	-0.13224985003409698	0.014106703245789665	False	0.1295	False	0.6207685706112329	15377.0	25880.0
Pig	primary	Day3->Morula	16->morula	-0.13565533363575666	-0.21801912964977774	-0.05352675192798198	True	0.837	False	0.6207685706112329	15377.0	25880.0
Pig	primary_residualised_depth_detected	Oocyte->Zygote	fertilisation	0.08571555085938211	0.05013287297012666	0.12223131707887108	True	0.0	False			
Pig	primary_residualised_depth_detected	Zygote->2-cell	1->2	0.05396883169381888	0.0045960536336309915	0.10777011875302668	True	0.0	False			
Pig	primary_residualised_depth_detected	2-cell->4-cell	2->4	-0.02110394960637184	-0.08613314778903115	0.0446696873079107	False	0.005	True			
Pig	primary_residualised_depth_detected	4-cell->Day2	4->8	-0.040180262116322356	-0.0973936146238829	0.015225018433199906	False	0.022	False			
Pig	primary_residualised_depth_detected	Day2->Day3	8->16	-0.07620687989881805	-0.15565407882484572	-0.00016706034105962132	True	0.296	False			
Pig	primary_residualised_depth_detected	Day3->Morula	16->morula	-0.11824451404444628	-0.20240029684686775	-0.021615558417287586	True	0.677	False			
Pig	EN_Chronoage_Multispecies_Multitissue_yugenediff	Oocyte->Zygote	fertilisation	-0.03457686394219699	-0.062489076319217365	-0.005730824329110599	True	0.2135	False	0.6207685706112329	15377.0	25880.0
Pig	EN_Chronoage_Multispecies_Multitissue_yugenediff	Zygote->2-cell	1->2	0.03801609976745138	-0.011456461286844744	0.09518029452570827	False	0.0015	False	0.6207685706112329	15377.0	25880.0
Pig	EN_Chronoage_Multispecies_Multitissue_yugenediff	2-cell->4-cell	2->4	-0.004149613875942504	-0.06340627754830132	0.045470675138851425	False	0.0515	True	0.6207685706112329	15377.0	25880.0
Pig	EN_Chronoage_Multispecies_Multitissue_yugenediff	4-cell->Day2	4->8	-0.0027784543917711447	-0.044491821153926414	0.03788723710459063	False	0.026	False	0.6207685706112329	15377.0	25880.0
Pig	EN_Chronoage_Multispecies_Multitissue_yugenediff	Day2->Day3	8->16	0.03234681060849624	-0.014183738690577829	0.08134342655442207	False	0.003	False	0.6207685706112329	15377.0	25880.0
Pig	EN_Chronoage_Multispecies_Multitissue_yugenediff	Day3->Morula	16->morula	-0.05545782750646222	-0.10669053863902264	-0.004314301836114409	True	0.7045	False	0.6207685706112329	15377.0	25880.0
Pig	EN_Mortality_Multispecies_Multitissue_scaleddiff	Oocyte->Zygote	fertilisation	0.0455362345599301	-0.08545164699003503	0.1705486786045643	False	0.0	False	0.6207685706112329	15377.0	25880.0
Pig	EN_Mortality_Multispecies_Multitissue_scaleddiff	Zygote->2-cell	1->2	0.13304036768747168	-0.060519604479482	0.33600606445400866	False	0.0	False	0.6207685706112329	15377.0	25880.0
Pig	EN_Mortality_Multispecies_Multitissue_scaleddiff	2-cell->4-cell	2->4	-0.08564118525064783	-0.3124247892518886	0.12282462108984309	False	0.0	True	0.6207685706112329	15377.0	25880.0
Pig	EN_Mortality_Multispecies_Multitissue_scaleddiff	4-cell->Day2	4->8	0.06493573079384944	-0.12561055080778588	0.2534429316865932	False	0.0	False	0.6207685706112329	15377.0	25880.0
Pig	EN_Mortality_Multispecies_Multitissue_scaleddiff	Day2->Day3	8->16	-0.612078327691547	-0.8391551995978486	-0.3755353819221358	True	0.8635	False	0.6207685706112329	15377.0	25880.0
Pig	EN_Mortality_Multispecies_Multitissue_scaleddiff	Day3->Morula	16->morula	-0.3450433525574813	-0.65757025732988	-0.019707451469075942	True	0.1365	False	0.6207685706112329	15377.0	25880.0
Rabbit	primary	Oocyte->Zygote	fertilisation	0.1291810244162632	0.0819323972356604	0.17758711310383432	True	0.0	False	0.5610756174311051	14052.0	23669.0
Rabbit	primary	Zygote->2-cell	1->2	-0.00027576238394025343	-0.04434692212605491	0.04487104935328801	False	0.0	False	0.5610756174311051	14052.0	23669.0
Rabbit	primary	2-cell->4-cell	2->4	-0.0007845039241041879	-0.05050874979814184	0.04683074142331949	False	0.0015	False	0.5610756174311051	14052.0	23669.0
Rabbit	primary	4-cell->8-cell	4->8	-0.1283476406853748	-0.18301587099444624	-0.07774991974147169	True	0.9875	False	0.5610756174311051	14052.0	23669.0
Rabbit	primary	8-cell->16-cell	8->16	0.015200045611111497	-0.0448466487133857	0.07634688629505651	False	0.001	True	0.5610756174311051	14052.0	23669.0
Rabbit	primary	16-cell->Morula	16->morula	-0.03594206067151807	-0.09774757503624289	0.027755633667584066	False	0.01	False	0.5610756174311051	14052.0	23669.0
Rabbit	primary_residualised_depth_detected	Oocyte->Zygote	fertilisation	0.09186514203931215	0.04830873501973859	0.13612682642847318	True	0.0	False			
Rabbit	primary_residualised_depth_detected	Zygote->2-cell	1->2	-0.015120443638012022	-0.06284377455808525	0.03178600110045974	False	0.0605	False			
Rabbit	primary_residualised_depth_detected	2-cell->4-cell	2->4	0.04052046100449441	-0.01672923738086534	0.09879265889161677	False	0.004	False			
Rabbit	primary_residualised_depth_detected	4-cell->8-cell	4->8	-0.06582594349097583	-0.12868891136312205	-0.00833152504617165	True	0.7935	False			
Rabbit	primary_residualised_depth_detected	8-cell->16-cell	8->16	0.01969449259332419	-0.037204039779916306	0.08115160922903972	False	0.027	True			
Rabbit	primary_residualised_depth_detected	16-cell->Morula	16->morula	-0.02223530541541216	-0.08021217564440611	0.03676948152574415	False	0.115	False			
Rabbit	EN_Chronoage_Multispecies_Multitissue_yugenediff	Oocyte->Zygote	fertilisation	0.09847630649423954	0.05523464041282489	0.142421514347555	True	0.0	False	0.5610756174311051	14052.0	23669.0
Rabbit	EN_Chronoage_Multispecies_Multitissue_yugenediff	Zygote->2-cell	1->2	-0.021363287174683054	-0.06709228017778107	0.022439967029633773	False	0.005	False	0.5610756174311051	14052.0	23669.0
Rabbit	EN_Chronoage_Multispecies_Multitissue_yugenediff	2-cell->4-cell	2->4	-0.05038297749567392	-0.11018985693882413	0.00688134037365463	False	0.16	False	0.5610756174311051	14052.0	23669.0
Rabbit	EN_Chronoage_Multispecies_Multitissue_yugenediff	4-cell->8-cell	4->8	-0.0944326090367904	-0.16056747630427226	-0.023592219368406213	True	0.7035	False	0.5610756174311051	14052.0	23669.0
Rabbit	EN_Chronoage_Multispecies_Multitissue_yugenediff	8-cell->16-cell	8->16	-0.04712814807941057	-0.1101946488236869	0.013374624617240614	False	0.1315	True	0.5610756174311051	14052.0	23669.0
Rabbit	EN_Chronoage_Multispecies_Multitissue_yugenediff	16-cell->Morula	16->morula	0.07750882648353297	0.029511096300589717	0.1234878658307925	True	0.0	False	0.5610756174311051	14052.0	23669.0
Rabbit	EN_Mortality_Multispecies_Multitissue_scaleddiff	Oocyte->Zygote	fertilisation	0.5124404110460558	0.37489328045721043	0.651733450210602	True	0.0	False	0.5610756174311051	14052.0	23669.0
Rabbit	EN_Mortality_Multispecies_Multitissue_scaleddiff	Zygote->2-cell	1->2	-0.20798565567887334	-0.38596472201806775	-0.039525622252810325	True	0.6585	False	0.5610756174311051	14052.0	23669.0
Rabbit	EN_Mortality_Multispecies_Multitissue_scaleddiff	2-cell->4-cell	2->4	-0.061137743497647806	-0.20946496807262463	0.08643388400050318	False	0.1005	False	0.5610756174311051	14052.0	23669.0
Rabbit	EN_Mortality_Multispecies_Multitissue_scaleddiff	4-cell->8-cell	4->8	0.36094531513280526	0.17280462200706073	0.56328776114327	True	0.0	False	0.5610756174311051	14052.0	23669.0
Rabbit	EN_Mortality_Multispecies_Multitissue_scaleddiff	8-cell->16-cell	8->16	0.3773677469879583	0.03834296246655737	0.7004253375116559	True	0.0025	True	0.5610756174311051	14052.0	23669.0
Rabbit	EN_Mortality_Multispecies_Multitissue_scaleddiff	16-cell->Morula	16->morula	-0.09371155999612035	-0.4200329394509268	0.24085271545095155	False	0.2385	False	0.5610756174311051	14052.0	23669.0
Rhesus	primary	Oocyte->Zygote	fertilisation	-0.09367609760387954	-0.31409484545818384	0.1136562694431642	False	0.007	False	0.6363116239153237	13823.0	32386.0
Rhesus	primary	Zygote->2-cell	1->2	0.07113102343588139	-0.10326178102040877	0.28356445804751707	False	0.0	False	0.6363116239153237	13823.0	32386.0
Rhesus	primary	2-cell->4-cell	2->4	-0.37274083222203924	-0.39695829478753686	-0.34852336965654157	True	0.8055	False	0.6363116239153237	13823.0	32386.0
Rhesus	primary	4-cell->8-cell	4->8	0.2822477209339638	0.24038250951449017	0.32411293235343736	True	0.0	False	0.6363116239153237	13823.0	32386.0
Rhesus	primary	8-cell->16-cell	8->16	-0.34042366314664285	-0.3954945896455307	-0.28535273664775507	True	0.1875	False	0.6363116239153237	13823.0	32386.0
Rhesus	primary_residualised_depth_detected	Oocyte->Zygote	fertilisation	-0.05157330977497567	-0.2388519895591611	0.12544246188297492	False	0.0	False			
Rhesus	primary_residualised_depth_detected	Zygote->2-cell	1->2	0.03429096276158875	-0.14402907659136613	0.2305826633485359	False	0.0	False			
Rhesus	primary_residualised_depth_detected	2-cell->4-cell	2->4	-0.2326282461469717	-0.28658350247147424	-0.1786729898224691	True	0.0	False			
Rhesus	primary_residualised_depth_detected	4-cell->8-cell	4->8	0.2427675912938031	0.2134122916392385	0.27212289094836767	True	0.0	False			
Rhesus	primary_residualised_depth_detected	8-cell->16-cell	8->16	-0.4498632225232062	-0.49090014077733024	-0.40882630426908206	True	1.0	False			
Rhesus	EN_Chronoage_Multispecies_Multitissue_yugenediff	Oocyte->Zygote	fertilisation	-0.07561384611105727	-0.22417090397435205	0.042119316695602906	False	0.0	False	0.6363116239153237	13823.0	32386.0
Rhesus	EN_Chronoage_Multispecies_Multitissue_yugenediff	Zygote->2-cell	1->2	0.0100578697348358	-0.12654903472495294	0.1684922181016643	False	0.0	False	0.6363116239153237	13823.0	32386.0
Rhesus	EN_Chronoage_Multispecies_Multitissue_yugenediff	2-cell->4-cell	2->4	-0.4600854936533687	-0.5083336884689615	-0.41183729883777576	True	1.0	False	0.6363116239153237	13823.0	32386.0
Rhesus	EN_Chronoage_Multispecies_Multitissue_yugenediff	4-cell->8-cell	4->8	0.3570371129079009	0.3375770035367143	0.37649722227908744	True	0.0	False	0.6363116239153237	13823.0	32386.0
Rhesus	EN_Chronoage_Multispecies_Multitissue_yugenediff	8-cell->16-cell	8->16	-0.19324917523987406	-0.22136792350982518	-0.16513042696992286	True	0.0	False	0.6363116239153237	13823.0	32386.0
Rhesus	EN_Mortality_Multispecies_Multitissue_scaleddiff	Oocyte->Zygote	fertilisation	-0.36509725924164227	-0.6983617230021336	-0.04931584239961339	True	0.0	False	0.6363116239153237	13823.0	32386.0
Rhesus	EN_Mortality_Multispecies_Multitissue_scaleddiff	Zygote->2-cell	1->2	-0.008110916554863068	-0.39308422135364923	0.40332171215054224	False	0.0	False	0.6363116239153237	13823.0	32386.0
Rhesus	EN_Mortality_Multispecies_Multitissue_scaleddiff	2-cell->4-cell	2->4	-1.0519989871060433	-1.2297581366067534	-0.8742398376053334	True	0.7475	False	0.6363116239153237	13823.0	32386.0
Rhesus	EN_Mortality_Multispecies_Multitissue_scaleddiff	4-cell->8-cell	4->8	1.28949516608955	1.0036102535926847	1.575380078586415	True	0.0	False	0.6363116239153237	13823.0	32386.0
Rhesus	EN_Mortality_Multispecies_Multitissue_scaleddiff	8-cell->16-cell	8->16	-0.8696449395980972	-1.2437571307656368	-0.4955327484305574	True	0.2525	False	0.6363116239153237	13823.0	32386.0
