	species	stage	log10_total_counts	log10_detected	EN_Chronoage_Multispecies_Multitissue_scaleddiff	EN_Chronoage_Multispecies_Multitissue_yugenediff	EN_Mortality_Multispecies_Multitissue_scaleddiff	EN_Chronoage_Mouse_Multitissue_scaleddiff
16-cell_1	Mouse	16-cell	6.347099631754269	4.248144987287778	0.10755276352315149	-0.21074105387019418	0.4557793919769059	-0.04262753498606166
16-cell_10	Mouse	16-cell	6.022356601495091	4.168438552186773	0.07700391670719794	-0.34761011887692184	1.0554210041541383	0.1074003063424655
16-cell_11	Mouse	16-cell	5.848115188234407	4.137132476008993	0.016286780417485606	-0.27396292825203794	0.3302729315537878	0.08812398959115633
16-cell_12	Mouse	16-cell	5.756331006201425	4.150111425128782	-0.11253860040053584	-0.39955230798833935	-0.011800139916248314	0.057547382317223505
16-cell_2	Mouse	16-cell	6.305335029346845	4.229963261979429	0.016401306321223788	-0.3763124099280115	0.4282618476795694	0.02139970877562864
16-cell_3	Mouse	16-cell	6.604697794939673	4.218246579668302	0.10313645033083174	-0.1292359536645432	0.5903877426038528	0.022121004602403776
16-cell_4	Mouse	16-cell	6.326402024340324	4.241521577676051	0.05515939951144894	-0.3198850203389777	0.3060680779647571	0.02855193975722492
16-cell_5	Mouse	16-cell	6.220140004895409	4.2212055176740035	0.032276834986342276	-0.2578225000568659	0.38244650746347025	-0.054341166656863796
16-cell_6	Mouse	16-cell	6.1492215767305565	4.211040405732053	-0.013939452974867851	-0.3870385952180808	0.4464727840762823	0.020556960303048277
16-cell_7	Mouse	16-cell	6.136768748980858	4.2312401489450755	0.3006317455110477	-0.11719795101257924	0.9419141866595883	0.07018525139829751
16-cell_8	Mouse	16-cell	6.30603645510054	4.244920043912454	0.1056755154771325	-0.24095451423068978	1.0216902377230443	0.07045973461631981
16-cell_9	Mouse	16-cell	6.043221944825778	4.2298609486549905	0.003610772966685386	-0.26677100642151597	0.6146472787517582	0.009343821376308667
4-cell_1	Mouse	4-cell	6.268494661718382	4.195622943586937	0.01801246416064564	-0.24645823451410795	0.01696074921126209	-0.05996150216614145
4-cell_11	Mouse	4-cell	6.288872712723399	4.211387552936859	-0.1041599424900281	-0.30879196284742794	0.06557485650908314	-0.00474441009715604
4-cell_12	Mouse	4-cell	6.057322563589284	4.203386491660478	0.03662314887833472	-0.19765956490941924	0.36245232016985784	-0.05101160723748569
4-cell_2	Mouse	4-cell	6.117501311351978	4.226445232748228	0.013346962949499615	-0.1821875256022102	0.39896079180342225	-0.0687914018335826
4-cell_3	Mouse	4-cell	6.237167337323361	4.262640903755262	-0.10028732602419921	-0.24608684470288908	0.28290303704228764	-0.018596004697794377
4-cell_4	Mouse	4-cell	6.265750789342089	4.215373152783422	0.0014862537908623408	-0.3039457455398316	-0.18880031071913111	-0.13369896737892503
4-cell_5	Mouse	4-cell	6.085284154763766	4.138207932668164	-0.04591609772168798	-0.27884553140534185	0.4326247080550485	-0.050290791528757595
4-cell_6	Mouse	4-cell	6.143572775646112	4.224351745013417	-0.05080648012627612	-0.275001245071966	0.13456184691849712	-0.11269099240718858
4-cell_7	Mouse	4-cell	6.2625232288329755	4.226471015317139	0.16215041942118252	-0.15644606658965024	0.35818923085286836	-0.022044059143633582
4-cell_8	Mouse	4-cell	6.069655149268111	4.17070165581607	-0.06422041092631295	-0.28964316384550276	-0.04530480175352561	-0.07572392584536365
4-cell_9	Mouse	4-cell	6.144367751920021	4.185457157401926	-0.06592561550242165	-0.15358364281373008	-0.11562599904296827	0.0019377556615113988
8-cell_1	Mouse	8-cell	6.2157213480189535	4.21539960109389	0.07836158332057994	-0.3116813803413343	0.7243306075017072	-0.006028763624834251
8-cell_10	Mouse	8-cell	6.021994685107191	4.213278629992795	0.03858610859325209	-0.3128850805111629	0.18761135549682156	-0.018244372575927446
8-cell_12	Mouse	8-cell	6.017409425765794	4.142827294538336	0.07517109241059255	-0.23612417175991815	0.3252738603358072	-0.05892058382393573
8-cell_2	Mouse	8-cell	6.359577863629485	4.253846646198501	0.11664240631545217	-0.2994375310782951	0.33032895879433155	-0.0010401842451012275
8-cell_3	Mouse	8-cell	6.333618137271501	4.212480587721373	0.02064585393869927	-0.34146446962907745	0.10973617112199112	-0.009953273732984463
8-cell_4	Mouse	8-cell	6.356768305802518	4.2496629873606055	0.09230974457528716	-0.33564758112512305	0.5787958958838688	0.019887296263298257
8-cell_5	Mouse	8-cell	6.191963257994389	4.216957207361097	0.16013421298359626	-0.09369488914128979	1.1677965042903913	0.0679418683651052
8-cell_6	Mouse	8-cell	6.069073957602426	4.18974290024157	0.1967731023813905	-0.25347579386445634	0.5308443053097576	-0.011581360114963263
8-cell_7	Mouse	8-cell	6.271795387712567	4.236814275171272	0.0725726687960287	-0.26549347159353165	0.4022490033207942	0.05719303410567414
8-cell_8	Mouse	8-cell	6.002035969996467	4.157758886046864	0.12472224470116314	-0.23563490554338765	0.27987696823500946	-0.005211026551603462
8-cell_9	Mouse	8-cell	6.123335405487213	4.191870015444723	0.10616948122747646	-0.2768308579489232	1.0133619250992878	-0.0313656266033416
Early-2-cell_1	Mouse	Early-2-cell	6.244235545323008	4.247580506233836	0.24504841832024848	-0.05528085240339534	0.4644799926350428	0.07875043989142755
Early-2-cell_10	Mouse	Early-2-cell	6.175332608177849	4.224222186084648	0.10323899559138949	-0.03180757149271938	0.41519594599382537	0.06943595104747165
Early-2-cell_11	Mouse	Early-2-cell	6.14388782266639	4.234719704621876	0.08080840796312355	-0.06237240734738648	0.5287642947384457	0.10062203090755702
Early-2-cell_12	Mouse	Early-2-cell	5.774007191788585	4.162444914299978	0.12561640660877385	-0.018079960464777778	0.3689161755147412	0.14739441675076403
Early-2-cell_3	Mouse	Early-2-cell	6.2849761358321	4.259498314030925	0.08275817636152061	-0.0735366708631372	0.16527061844050248	0.07203699432437091
Early-2-cell_4	Mouse	Early-2-cell	6.42697507434039	4.267242148825605	0.10391490336815687	-0.03023937981849989	0.08132859513258021	0.06982621004953214
Early-2-cell_6	Mouse	Early-2-cell	6.170708691241747	4.217299658976496	0.05846870381175952	-0.06444358009942183	0.2754861854530985	0.04776663659472458
Early-2-cell_7	Mouse	Early-2-cell	6.289151316420094	4.251954398227403	0.118597458901336	-0.028941879815891698	0.1037395540984064	0.04795333296416878
Early-2-cell_9	Mouse	Early-2-cell	6.495359202615895	4.284250210312084	0.12299185310812444	-0.06760219189823571	0.4828806472713574	0.08520414565308226
Late-2-cell_1	Mouse	Late-2-cell	6.001056654874168	4.224040738627695	-0.09833215829423722	-0.25716760317283893	-0.31590900763607477	0.006499641651308111
Late-2-cell_10	Mouse	Late-2-cell	6.066386312327563	4.1897148423236805	-0.1352337622385338	-0.20498782400494944	-0.05427685684133751	-0.10077410083171967
Late-2-cell_2	Mouse	Late-2-cell	5.917940111651405	4.193681029541281	-0.12553875937981188	-0.2872988725576923	-0.14291285593791625	0.05161171829184007
Late-2-cell_3	Mouse	Late-2-cell	6.141891368977103	4.249760740887979	-0.03437851708768538	-0.1918546346069337	0.3478263521440621	-0.0073805020039538725
Late-2-cell_4	Mouse	Late-2-cell	6.084857138096166	4.241621180791424	-0.20298103245960963	-0.22110853079760892	0.19152640738126012	0.03572757687887929
Late-2-cell_5	Mouse	Late-2-cell	6.083185024431855	4.22385921533063	-0.089689489187359	-0.11183117200770279	-0.17259791638141947	-0.017849126580546652
Late-2-cell_6	Mouse	Late-2-cell	6.034363708948805	4.226032503344959	0.019297946999143896	-0.2369137658513635	0.251195425461097	0.047330858277833045
Late-2-cell_7	Mouse	Late-2-cell	6.118785699173079	4.2430132311496775	0.05795154322466717	-0.1707069610803271	0.2589613458278518	0.11625549305488492
Late-2-cell_8	Mouse	Late-2-cell	5.912912020448067	4.208575708947575	0.009470135447048673	-0.21460175892212532	-0.29147110588877156	-0.08777170882716516
Late-2-cell_9	Mouse	Late-2-cell	6.206900050431747	4.259283216189964	-0.15066772309960816	-0.2786263299073841	-0.1792971319849087	-0.033072845500417586
Oocyte_1	Mouse	Oocyte	6.305534293592832	4.2578944687308	-0.09015852359737905	-0.10582246016557148	-0.22137463103668464	-0.04009198022275619
Oocyte_10	Mouse	Oocyte	6.5913851984401	4.282984440133955	0.0705715266343756	0.037902690622352526	0.29508421225824577	0.022238301332208363
Oocyte_11	Mouse	Oocyte	6.213905394311555	4.222586423390389	-0.01970999226063227	0.016234357586968978	-0.25568645841823395	0.051829571958808426
Oocyte_12	Mouse	Oocyte	6.1994468942527154	4.225541877187231	0.06692190434686163	0.005363602689403765	0.31269517665596697	0.028441542260446838
Oocyte_2	Mouse	Oocyte	6.539435811712525	4.3037790465955315	0.015017919901150714	-0.07251988410837332	0.09303111050337509	0.013016017670264118
Oocyte_3	Mouse	Oocyte	6.409445155181617	4.268882058732568	0.025088505470995677	0.003705475432974642	0.022633059995445542	-0.008054538768356894
Oocyte_4	Mouse	Oocyte	6.564147796840342	4.26609051627518	-0.019320314072254395	0.0037681791818680067	-0.2035721116304633	-0.05669281177312335
Oocyte_5	Mouse	Oocyte	6.508435039187742	4.269489594424535	-0.062045024398377814	0.0015332344377748004	0.06327492084250816	-0.04325856965148007
Oocyte_6	Mouse	Oocyte	6.30507673111571	4.246030551190584	0.06845547418664619	-0.005140648350125919	0.09273817776621598	0.007091004356195214
Oocyte_7	Mouse	Oocyte	6.421241040706835	4.258182160366098	0.013273789379160343	0.011402862547850813	0.07459730739122794	0.0026603368964018114
Oocyte_8	Mouse	Oocyte	6.4684455525797855	4.273510545540457	0.020163346865743635	-0.01916813560195669	0.09006387943302477	0.040990002920707896
Zygote_1	Mouse	Zygote	6.231859108342008	4.203984244420126	0.06260954392784907	-0.014373762421369993	0.2622805873737361	0.14275938261337207
Zygote_10	Mouse	Zygote	6.288791642987569	4.193931191174947	0.21896412252781086	0.025733814935963224	0.4843287650950891	0.13288288018868458
Zygote_11	Mouse	Zygote	6.234377557918082	4.179551791165188	0.10782397250032447	0.04772741762199106	0.47386619071826813	0.18334898877505498
Zygote_12	Mouse	Zygote	6.276525450076284	4.206987694756409	0.09507378257729551	-0.011679687367809145	0.23694392170849898	0.0992472228152742
Zygote_2	Mouse	Zygote	6.338856139495447	4.251029538523903	0.054330529255160166	0.006400515014702447	0.1064850622508654	0.048888228496050457
Zygote_3	Mouse	Zygote	6.38535312947081	4.246178404510863	0.1192161499446554	0.032277097088070465	0.48918257737370946	0.07735591513480897
Zygote_4	Mouse	Zygote	5.8103541840801585	4.16025838620267	0.15494853623183003	0.06391318234410084	0.8744205937914769	0.15296424727978308
Zygote_5	Mouse	Zygote	6.343154442409166	4.206933761880598	0.22696755633093874	0.029133750286330185	0.5157358546613529	0.1426335133965501
Zygote_6	Mouse	Zygote	6.381607964420734	4.20828007854531	0.17934580616934107	-0.0020255582944408435	0.07941345416199397	0.12344237638655724
Zygote_7	Mouse	Zygote	6.060521065409548	4.19835462473694	0.08990112800560546	-0.02783058477463419	0.14293343132009406	0.0497966741710215
Zygote_8	Mouse	Zygote	6.163619290297786	4.202379321079624	0.09134152897871432	0.028509043686707328	0.15619958984661308	0.06186715206439923
16-cell_1	Cow	16-cell	6.159949288455636	4.032054375479669	-0.16683587028691316	-0.11302104460052101	-0.30275421166200056	
16-cell_10	Cow	16-cell	6.336876816454865	4.039770926931579	-0.3319257963567437	-0.3328318020239202	-0.9566155180033102	
16-cell_11	Cow	16-cell	6.366028083467863	4.017534159437198	-0.24566857175917065	-0.15431372871104368	-0.6015699895998676	
16-cell_12	Cow	16-cell	6.450420790106961	4.026410680578774	-0.19921972693051565	-0.18571955250127328	-0.7800704468249502	
16-cell_2	Cow	16-cell	6.002568623838283	4.0305997219659515	0.03275125951332248	-0.04216355696606593	0.2704912144692511	
16-cell_3	Cow	16-cell	6.042486124413644	4.0342272607705505	-0.18826276305520864	-0.32818419117832304	-0.5150554387118264	
16-cell_4	Cow	16-cell	6.124120297972835	4.018700498666243	-0.3344697113409999	-0.1755204363594999	-0.6949323077813098	
16-cell_5	Cow	16-cell	6.340042553893235	4.029464946638236	-0.23163511256887434	-0.11592527147823362	-0.5132447688914811	
16-cell_6	Cow	16-cell	6.397112149722969	4.026533264523297	-0.16481951514586157	-0.21513016873599408	-0.14672164589483305	
16-cell_7	Cow	16-cell	6.373107943348421	4.022675761953727	-0.30528640226196646	-0.3325437866493327	-1.694936024368979	
16-cell_8	Cow	16-cell	6.023191118924902	4.001647191346038	-0.41307859219523657	-0.43320800659254816	-1.0252760810625756	
16-cell_9	Cow	16-cell	6.205810166508423	4.033584575515413	-0.15416912206149938	-0.19458770734422307	-0.6030502975722518	
2-cell_1	Cow	2-cell	6.265688842347141	4.029180788907547	0.0674802926801251	-0.09468989450552481	0.19111243137411	
2-cell_10	Cow	2-cell	6.153277530754617	4.032135046879902	0.1523844268623806	-0.04645136708223601	0.24158124525513358	
2-cell_11	Cow	2-cell	6.044593064025052	4.031973689091717	0.010239208213981301	-0.12693307193634257	0.1637236063802391	
2-cell_12	Cow	2-cell	5.735125228564376	3.9973426906016223	-0.052542129342035386	-0.08033439075666216	0.14071423056929033	
2-cell_2	Cow	2-cell	6.298827105259633	4.031044716583705	0.06871824320410677	-0.08103069078225869	0.051612819602026336	
2-cell_3	Cow	2-cell	6.376847303323899	4.047975405279086	0.10132367472334755	-0.042822315886570754	0.3127285782643606	
2-cell_4	Cow	2-cell	5.923836493652519	4.0178677189635055	0.12393365417941365	-0.030230722891320408	0.37625443422045135	
2-cell_5	Cow	2-cell	6.2596889450500415	4.043087072166329	0.04640617099898601	-0.0729735937706524	0.295740610076357	
2-cell_6	Cow	2-cell	6.138503848365248	4.036549054479153	0.12502835772338763	-0.006349173353649588	0.20869570602351845	
2-cell_7	Cow	2-cell	6.299023269035383	4.045792232729559	0.07464131518435427	-0.010838361038197394	-0.21441573560474747	
2-cell_8	Cow	2-cell	6.1353136492301745	4.0338658673479	0.10044836429405923	-0.03955548764931909	0.04678041385150902	
2-cell_9	Cow	2-cell	6.294588781320581	4.038779069555538	0.07869415446353745	-0.0028256633305277015	0.16770722155109133	
4-cell_1	Cow	4-cell	6.2088942269787735	4.04233920456355	0.13424103184129726	-0.012224388849012682	0.41393732861568	
4-cell_10	Cow	4-cell	6.3765209331044925	4.0565237240791	0.10898970485541115	-0.022796012714330245	0.31580735538962146	
4-cell_11	Cow	4-cell	6.34769896007084	4.063671053930718	0.15487639030572448	0.0037871409627795345	0.1375220199930627	
4-cell_12	Cow	4-cell	6.549737996417438	4.0626195838543415	0.046223353282421206	0.009116387514096456	-0.5000067512333316	
4-cell_2	Cow	4-cell	6.174530789395812	4.039176084376041	0.22819245578599637	-0.07276144526344042	0.592556318267542	
4-cell_3	Cow	4-cell	6.153607877515881	4.0306806639999015	0.1073078166911341	0.02325866844722629	0.3165621965319564	
4-cell_4	Cow	4-cell	6.235982955714594	4.043872912391425	0.1225960393516897	-0.0008803183017196889	0.24303305765021777	
4-cell_5	Cow	4-cell	6.257763266031951	4.042023927248867	0.002362888468271332	-0.0018821727533675711	0.5804372265933926	
4-cell_6	Cow	4-cell	6.31858605280142	4.06707085604537	0.13716165323462634	0.04845238951131248	0.2041223987855892	
4-cell_7	Cow	4-cell	6.182439191376918	4.055493006677845	0.23996927918850636	0.08871285463849163	0.4892643617978156	
4-cell_8	Cow	4-cell	6.243739302108769	4.05315530296188	0.06082483553951418	-0.09638544246255334	0.13414351282226944	
4-cell_9	Cow	4-cell	6.264663904432025	4.05361617440439	0.1429386520694472	0.0033192882839727517	-0.04830988627031782	
8-cell_1	Cow	8-cell	6.180958955457194	4.046456142412592	0.06272184167029886	-0.0026265062877576448	0.17970981351744922	
8-cell_10	Cow	8-cell	6.45754340860144	4.074816440645175	0.09129300504376639	-0.0251261601937717	-0.031628634649596726	
8-cell_11	Cow	8-cell	6.565052733664616	4.0707026597194735	0.08762178687155908	-0.019261302809283794	0.3650931396320456	
8-cell_12	Cow	8-cell	6.366107535577134	4.0417873189717515	0.11735821974972674	0.030546096398805532	-0.09588680611857356	
8-cell_2	Cow	8-cell	6.360156059175927	4.056790548274383	0.057579971899236526	-0.09674177600451844	0.2040224977053732	
8-cell_3	Cow	8-cell	6.2752012117897795	4.05307844348342	0.09026377117637813	-0.04142618860217425	0.18071163901858825	
8-cell_4	Cow	8-cell	6.184751035773692	4.058843414668761	0.1314196455260403	-0.04726825850623017	0.08644026555800823	
8-cell_5	Cow	8-cell	6.150710706089971	4.017534159437198	0.020109537845810627	-0.15870932702873106	0.14889621987320356	
8-cell_6	Cow	8-cell	6.196711880616243	4.063821056343712	0.0849848700732301	-0.07755665663818265	-0.021425151272550347	
8-cell_7	Cow	8-cell	6.383970033412536	4.062732363205394	0.1330919045711285	-0.04205238996947177	0.31826148449590064	
8-cell_8	Cow	8-cell	6.541158973068405	4.066921972093997	0.10224168643163237	-0.09824080801732488	0.23340720772568474	
8-cell_9	Cow	8-cell	6.534203216370815	4.055607651708711	0.08559718638717839	0.011534648821571156	0.17504115656182107	
Morula_1	Cow	Morula	6.136171804942558	4.0	-0.6353539333359534	-0.5916618478807426	-1.6158600646728478	
Morula_10	Cow	Morula	6.3335907392765485	4.0080463061583504	-0.5894111497966181	-0.6253702301979723	-1.9376685949246628	
Morula_11	Cow	Morula	6.3889534939391615	3.9955913242523535	-0.7180675633656399	-0.48658609501325367	-2.1338451248614883	
Morula_2	Cow	Morula	6.118946558831081	4.017075096376059	-0.666194152786518	-0.5460948258964721	-1.9036036665032547	
Morula_3	Cow	Morula	6.204525587098623	4.029424364058016	-0.6723685216033457	-0.5657973952567744	-1.9489660314215569	
Morula_4	Cow	Morula	6.176742501781191	4.014016229258364	-0.6805806164387754	-0.5511548393599762	-1.9698747617480832	
Morula_5	Cow	Morula	5.985525717221111	3.997517439414725	-0.5469850954114059	-0.510153555315498	-1.2722531344796542	
Morula_6	Cow	Morula	5.901836325438855	4.003805073565025	-0.44622391497278197	-0.5383523606292738	-1.2484380577339542	
Morula_7	Cow	Morula	5.9093741437158736	4.010130277215148	-0.6860925626091895	-0.5876399103839065	-2.005600625678842	
Morula_8	Cow	Morula	6.153407503230433	3.9920230277638504	-0.49509285073652354	-0.41756019136112865	-1.3829342817603183	
Morula_9	Cow	Morula	6.375500288528584	4.013427127070696	-0.6167064085436064	-0.4394481476097981	-1.7841178405955112	
Oocyte_1	Cow	Oocyte	6.269752207246362	4.050650380863914	-0.009550149261496638	0.034439060249292386	-0.3037800487579487	
Oocyte_10	Cow	Oocyte	6.294734876541245	4.06822297934645	0.018022872567447105	-0.006521808525941676	0.10050564056640403	
Oocyte_11	Cow	Oocyte	6.172581332694529	4.051152522447381	0.024918657624153403	0.007799754059626709	0.26277245109359726	
Oocyte_12	Cow	Oocyte	6.15707156522506	4.043401578910881	0.007513895478125528	-0.018129904712923618	0.15501224079961742	
Oocyte_2	Cow	Oocyte	6.288604879349918	4.05656185185946	0.00471383376413716	-0.05474819577962759	0.05548731410730985	
Oocyte_3	Cow	Oocyte	6.3946682487044475	4.068074489907648	0.020650271814959688	-0.03497580220956408	-0.008033082064413583	
Oocyte_4	Cow	Oocyte	6.440302219518213	4.072396966521762	-0.057152223801767814	-0.05140128693272653	-0.2291151822713658	
Oocyte_5	Cow	Oocyte	6.280457943934539	4.0600175425316	0.11984531705243548	-0.014781944443795977	0.31283373679576354	
Oocyte_6	Cow	Oocyte	6.27528140216538	4.065243501186464	0.08355305763869837	-0.04812062014606359	0.373554930759255	
Oocyte_7	Cow	Oocyte	6.331215665602457	4.060546755126169	0.0785787417212182	0.014181163245847336	0.13601018495516642	
Oocyte_8	Cow	Oocyte	6.261204086328478	4.057323705369284	0.09487414939166913	0.04133945679099826	0.1113600124312425	
Zygote_1	Cow	Zygote	6.28428180734758	4.047158001128309	0.029575224292747348	-0.10561254641447215	0.2782952210538403	
Zygote_10	Cow	Zygote	6.056468814194123	4.0296678026753225	0.11736835992433259	-0.09381098631511992	0.4517021497374763	
Zygote_11	Cow	Zygote	6.2120964729335055	4.022840610876528	-0.06032519009888115	-0.05430105219421839	-0.17274559878576012	
Zygote_12	Cow	Zygote	6.340083044257094	4.038977622332692	0.08425154026109274	-0.03851391069670688	-0.33692910294748124	
Zygote_2	Cow	Zygote	6.179842659552605	4.030559245291156	-0.01078527191984368	-0.1374064120583983	-0.07934027709356634	
Zygote_3	Cow	Zygote	6.259450045786797	4.038977622332692	0.009544883200446871	-0.04177650408966519	0.07190352890836763	
Zygote_4	Cow	Zygote	6.333806048987504	4.036748629172203	0.014620815211228825	-0.20062540442047452	-0.4572063405447191	
Zygote_5	Cow	Zygote	6.410256273638277	4.051808294317092	-0.0025024196678664137	-0.0804323209869999	0.057289273295736756	
Zygote_6	Cow	Zygote	6.29946872693082	4.04083959468534	0.0014805187406668474	-0.053834310920508034	0.10420217282615149	
Zygote_7	Cow	Zygote	6.1873559961091305	4.049838000622583	0.15211635845187868	0.036456145399750076	0.25052635506862886	
Zygote_8	Cow	Zygote	6.228108934566684	4.043283665570575	0.17903720681098956	0.018068219783051218	0.6133556711094856	
Zygote_9	Cow	Zygote	6.139199418977772	4.0429297333431595	0.057915181967333494	-0.07430029338973204	0.03578921202410283	
2-cell_1	Pig	2-cell	6.058769072686249	4.02739038468497	0.24389265893248652	0.11724261759527504	0.6518236148527207	
2-cell_10	Pig	2-cell	6.194536541671968	4.030316305988586	0.16701621374396547	-0.04214918061530069	0.18189508807640586	
2-cell_11	Pig	2-cell	5.643917320342688	4.009365898346244	0.40680481742379976	0.21189585045678644	0.4161298722359016	
2-cell_2	Pig	2-cell	6.130657277786727	4.0267374942387475	0.13136695672544293	0.02579413366047015	-0.08615829640524714	
2-cell_3	Pig	2-cell	6.110213832460572	4.020485585796552	0.11197430544985298	-0.04730133328004097	-0.20259002683094351	
2-cell_4	Pig	2-cell	6.002316418293	4.0080889362915775	0.30326761707707994	0.0032907599101890637	0.5604386368128109	
2-cell_5	Pig	2-cell	6.273731430777223	4.0341068297076434	0.09496705523968504	-0.02556445585220874	-0.0283986109636776	
2-cell_6	Pig	2-cell	5.970203172591608	4.008003671840159	0.1336001163196042	-0.03825008899112577	0.32740767540026006	
2-cell_7	Pig	2-cell	6.246510151979887	4.031287248876998	0.15184221437765086	-0.04573110786842737	-0.1397661288089923	
2-cell_8	Pig	2-cell	6.232310857826899	4.0252239151783105	0.1265147236678962	0.015519737057653481	0.3002992042103121	
4-cell_1	Pig	4-cell	6.059284653005769	4.033021444682911	0.1148764321172134	-0.028605888364941878	-0.19578529531666328	
4-cell_10	Pig	4-cell	6.0747301580867505	4.037784941753637	0.16222958226005205	-0.01711660872199361	0.2387350114376206	
4-cell_11	Pig	4-cell	6.088619747420544	4.023293623036605	0.1833980024606292	0.015018719932427683	0.2551791991271467	
4-cell_12	Pig	4-cell	6.076555979195909	3.991447598003803	0.13279481319210804	0.07258676160502033	-0.06993877081867955	
4-cell_2	Pig	4-cell	6.207001985845958	4.047742018180641	0.08574936315035317	-0.010783795627985912	0.16294524206330774	
4-cell_3	Pig	4-cell	6.219084721490369	4.043912167101254	0.23511734757950228	-0.0049815598728867524	0.18264378106495008	
4-cell_4	Pig	4-cell	6.104542760263069	4.0244035626829655	0.05935607278412937	-0.05900092839663445	-0.3269933022951023	
4-cell_5	Pig	4-cell	6.020128740244737	4.03981055414835	0.14797959520176338	0.007630288555711368	0.21998370187949634	
4-cell_6	Pig	4-cell	6.27448991136089	4.0600175425316	0.21986012733413549	0.013813901802211231	0.42550936484173524	
4-cell_7	Pig	4-cell	6.1873145230198805	4.044461360810665	0.24035694166237465	0.06835366529804937	0.3778396456477577	
4-cell_8	Pig	4-cell	5.7957778592676705	3.9977357765978985	0.2203079180387647	0.10549263702496392	0.2837355577806545	
4-cell_9	Pig	4-cell	6.312520719666673	4.0433229735745755	0.005039138346934945	-0.002506241257326597	-0.20425112412453694	
Day2_1	Pig	Day2	6.0810854277947675	4.033504172945174	0.1132557012493017	0.09000909411541665	0.15897285219012602	
Day2_10	Pig	Day2	6.108333270537638	4.046495164334709	0.15419807846849443	-0.017229807390745915	0.2817628817068046	
Day2_11	Pig	Day2	6.226288441776772	4.067405658437824	-0.012387146317964552	-0.06699113427855827	-0.25973827379826486	
Day2_12	Pig	Day2	6.093204483616371	4.057323705369284	0.12923736146605447	-0.03833410239696101	0.2803939801916722	
Day2_2	Pig	Day2	6.107820267248048	4.0521935804334746	0.10411338289193117	-0.00248782981773335	0.38050621917033867	
Day2_3	Pig	Day2	5.929733547489641	4.025141949625193	0.18509930932579913	0.04483420935282571	0.37992025472825364	
Day2_4	Pig	Day2	5.811418148984597	4.020112569565467	0.011100301189423331	-0.040168500916554904	0.24525157621771193	
Day2_5	Pig	Day2	6.05536495061705	4.0340666785975605	0.15989307762106686	0.0807281175354436	0.310867880363374	
Day2_7	Pig	Day2	6.133759193076625	4.050225037883654	0.12011121228636926	0.025176672437655978	-0.19683125419162395	
Day2_8	Pig	Day2	5.988752428978017	4.034146977106046	0.061733612845818436	0.029929530755345643	0.1929203674331748	
Day3_1	Pig	Day3	5.855554285460269	4.0442652999153195	0.22220362505844285	0.021001314083525617	-0.09212228717591134	
Day3_10	Pig	Day3	5.983064452807566	4.031892987710475	0.05694180491971174	0.062283836929686996	-0.4787407190154871	
Day3_11	Pig	Day3	5.930040288508853	4.018492453401473	0.1803524135627859	0.16877540528512275	-0.40247582017516204	
Day3_12	Pig	Day3	5.902247181306144	4.012415374762433	-0.1711036359061374	0.02733355142365612	-0.8749024055299206	
Day3_2	Pig	Day3	5.986309882990602	4.022304622935069	-0.017679098777951936	-0.09066004044316267	-0.880671219342759	
Day3_3	Pig	Day3	5.8291441805018795	4.022304622935069	-0.04293252123665237	0.010502112432026763	-0.6951092698855524	
Day3_4	Pig	Day3	6.135184827213185	4.019905199804614	0.01849841820959347	0.06102996174169118	-0.6227337000852852	
Day3_5	Pig	Day3	6.187574581292616	4.054459837239404	-0.01705822121815171	0.0932410483184572	-0.20060283928037048	
Day3_6	Pig	Day3	6.1134131895738495	4.040918650748524	0.012593188357631197	0.021467457406709436	-0.6235937645145575	
Day3_7	Pig	Day3	6.022468375577283	4.053501002386415	0.09386629261548088	-0.0005473124145470298	0.16909526519104356	
Day3_8	Pig	Day3	6.047974627530392	4.056409320649918	0.10988573485417757	0.09740045626603994	-0.07957571238033156	
Morula_1	Pig	Morula	6.187964940393698	4.054574755294823	-0.1281114267398747	0.025418682027228114	-0.8995049380890285	
Morula_10	Pig	Morula	6.123243856675679	4.048325250931222	-0.0583294784100191	-0.09205906798104349	-0.6529589523416786	
Morula_11	Pig	Morula	6.071828269240602	4.002986340856785	-0.10363631563834425	-0.058376659706319896	-1.3708673050724032	
Morula_12	Pig	Morula	6.126811712766874	4.02143739646709	-0.05804228817178409	-0.004811392378141689	-0.8464595865001624	
Morula_2	Pig	Morula	6.0642535231831864	4.04871363808097	-0.17999192585332144	0.014418345546416786	-0.6673000466174235	
Morula_3	Pig	Morula	6.130952599157675	4.056714329516394	-0.011994039719367432	-0.015814833330356347	-0.7198182748278025	
Morula_4	Pig	Morula	6.085587024865149	4.072948031792886	0.026278568549817916	0.0812689250546772	-0.0028490666400790843	
Morula_5	Pig	Morula	6.073972255921017	4.0492567972322275	-0.09197769228524177	-0.009945013692788884	-0.8774377996633724	
Morula_6	Pig	Morula	5.97752378386472	4.025264892154508	-0.19113392272540525	-0.04353914460936894	-0.8062017019663061	
Morula_7	Pig	Morula	6.043750022211495	4.049528122277718	0.09191365820522782	0.1199276776456932	-0.0013086598425369744	
Morula_8	Pig	Morula	6.186682061657949	4.044578954876613	-0.24227134202895698	-0.08721888162432812	-0.993200158011547	
Morula_9	Pig	Morula	6.116099441630092	4.029789470831855	-0.1944936165147959	-0.08004134045189867	-1.5187218926021204	
Oocyte_1	Pig	Oocyte	6.150179043041049	4.042299807413626	-0.02593243876749108	0.10431750190860897	0.3161417026468949	
Oocyte_10	Pig	Oocyte	6.230989664428048	4.051808294317092	0.06452847106139645	0.0200790387864267	0.07640457702326851	
Oocyte_11	Pig	Oocyte	6.143575584005221	4.039136399222095	0.0021449362637117678	0.020268395613846635	-0.06298366098057498	
Oocyte_12	Pig	Oocyte	6.141612485757787	4.040720983601194	0.01060872226424869	-0.011675666176468702	-0.1252403732631473	
Oocyte_3	Pig	Oocyte	6.070917760829392	4.0385009430766745	0.059530302337728144	0.01520623931590271	0.027061439979217394	
Oocyte_4	Pig	Oocyte	5.92161521413563	4.020361282647708	0.1025145727242763	-0.017959820289237906	-0.0993073494752858	
Oocyte_5	Pig	Oocyte	6.200294694166631	4.052463077483329	0.06608089271849496	0.0024739299995074904	0.03808926454418228	
Oocyte_6	Pig	Oocyte	6.136314295996869	4.040404528914159	-0.03652360708979758	-0.03879510612738595	-0.15935767832400954	
Oocyte_7	Pig	Oocyte	6.231214392945215	4.033584575515413	-0.04213923918470611	-0.0032759544422095235	0.0030178229892148523	
Oocyte_8	Pig	Oocyte	6.146730666286335	4.042496757433736	-0.05143512181558777	0.031090077346536394	-0.08138560737472289	
Oocyte_9	Pig	Oocyte	6.240349526742219	4.056065929431753	0.04684355455529283	0.03266139526727265	0.282406368951049	
Zygote_1	Pig	Zygote	6.451259745231232	4.048053173115609	0.05597591245469628	-0.03167981451106396	-0.09184157806734389	
Zygote_10	Pig	Zygote	6.364203608470419	4.043087072166329	0.0679567732870181	-0.0905729940802788	0.09686356541758775	
Zygote_11	Pig	Zygote	6.196687030560624	4.030194785356751	0.09872936251841988	-0.03214378324754976	0.11514334496853662	
Zygote_12	Pig	Zygote	6.26842701895937	4.029708362514895	0.1600151101691509	-0.012697502486140481	0.16263050162145468	
Zygote_2	Pig	Zygote	6.028084228316689	4.011316643366872	0.08189393048650415	-0.03307113550245964	0.05997465270279334	
Zygote_3	Pig	Zygote	6.167877125068224	4.026206297083118	0.13105153170436168	-0.0012151022208237508	-0.16651949860480086	
Zygote_4	Pig	Zygote	6.217429193337272	4.021767972682406	0.14556530231024453	0.07287397901640423	-0.07630294284735331	
Zygote_5	Pig	Zygote	6.163874571123697	4.0217266644137775	0.17401964413024934	-0.029749365223471873	-0.09754618958539912	
Zygote_6	Pig	Zygote	6.106414278704369	4.01292154554456	0.09750717399491868	-0.016202061944967476	0.2411524938591728	
Zygote_7	Pig	Zygote	6.018817792254601	4.024854948305018	0.1976907128498718	-0.008533769355669206	0.428217833579846	
Zygote_8	Pig	Zygote	5.695930623937851	3.9882913419074875	0.1864072404327483	-0.013299017052609864	0.0012753672439769492	
Zygote_9	Pig	Zygote	6.311942155740375	4.041234731171431	0.08576302205156293	-0.0502063121128612	0.10776527175733003	
16-cell_1	Rabbit	16-cell	6.028509845292598	3.942950070077099	0.03562119700941876	-0.21061796606596936	1.0716422938760708	
16-cell_10	Rabbit	16-cell	6.072880104865371	3.9665640840973104	-0.026846851892720354	-0.21480865205148456	0.8612898608816106	
16-cell_11	Rabbit	16-cell	5.925068570749381	3.9588504516796785	-0.029001075111860883	-0.08038565629839625	0.5852444665130387	
16-cell_12	Rabbit	16-cell	5.7612969772083025	3.9423553497076766	0.07421815468656065	-0.14224419219771506	1.8752939155483277	
16-cell_2	Rabbit	16-cell	6.035915795853265	3.951531790542348	-0.0171264851764732	-0.1794602919560901	1.0116220046332347	
16-cell_3	Rabbit	16-cell	5.78679045012473	3.9248992640142837	-0.13167516009373037	-0.13767346381661616	1.319719319362893	
16-cell_4	Rabbit	16-cell	5.899839645968478	3.9673139182870836	0.10861240522672849	-0.012151150250770015	1.4246131256169023	
16-cell_5	Rabbit	16-cell	5.905016688700436	3.950413539369381	-0.09923547179815334	-0.16281073745592503	0.39262610901296574	
16-cell_6	Rabbit	16-cell	5.901860824432784	3.946452265013073	0.1164639382794117	-0.026047707294227854	0.9201926287467832	
16-cell_7	Rabbit	16-cell	6.070550954918986	3.9453700944903036	0.08549719598115221	-0.043397998590631405	0.4576280690140521	
16-cell_8	Rabbit	16-cell	6.046703482067816	3.9777693180915743	0.046336969232180565	-0.08988289645039979	1.3287197151899193	
16-cell_9	Rabbit	16-cell	5.911420770064857	3.934498451243568	-0.11245987826193354	-0.15172103994757727	0.33957927702170465	
2-cell_1	Rabbit	2-cell	6.18695294693868	4.035029282202368	0.14960317706638007	0.059460659334363807	0.6215444663076051	
2-cell_10	Rabbit	2-cell	6.0628466164136094	4.009960531470598	0.21812343883412738	0.1790058441510109	0.5380618073645431	
2-cell_12	Rabbit	2-cell	5.7364538731709365	3.960898677326661	0.13500944898062978	0.014386646637950654	-0.045554811193341455	
2-cell_2	Rabbit	2-cell	6.230547775988189	3.99943504987633	0.09612011443103607	0.04113403461186415	0.05287534833012639	
2-cell_3	Rabbit	2-cell	6.183734645942214	4.012457578200774	0.07044987843421996	0.009401630937676757	0.26245222414314834	
2-cell_4	Rabbit	2-cell	6.199415889279327	4.004794110388712	0.07532192984717179	0.036910528976302946	0.06215310896153636	
2-cell_5	Rabbit	2-cell	6.307002416076236	4.031004281363537	0.11109217948376979	0.05932687999056026	0.12133595616786755	
2-cell_6	Rabbit	2-cell	6.167152744361959	4.0385009430766745	0.10450199095182777	0.07631977094497136	0.46181832707156795	
2-cell_7	Rabbit	2-cell	6.098588700161874	4.019282495761732	0.1413765099827693	0.14929967040822428	0.4069033226852651	
2-cell_8	Rabbit	2-cell	6.1122617196418645	4.030356805310842	0.050076009306312	0.06630913725627668	0.1993803600312552	
2-cell_9	Rabbit	2-cell	6.122294208100028	3.9920230277638504	0.14778293823766397	0.08955800447026985	0.4925912719088632	
4-cell_1	Rabbit	4-cell	6.154791461413533	4.002986340856785	0.06902422935840781	0.013985209634887103	0.20414547170575476	
4-cell_10	Rabbit	4-cell	5.957498101184036	3.970579305714851	0.05054365103972787	0.06827148617427324	0.06615785316373912	
4-cell_11	Rabbit	4-cell	6.0656939680659105	3.9825425823029432	0.12833075992883353	0.046135388790638235	0.3494259083920098	
4-cell_2	Rabbit	4-cell	5.96476436326733	3.9753858489894673	0.2228854046244753	0.028615012546967616	0.3811637895270741	
4-cell_3	Rabbit	4-cell	6.058899162805552	3.9893608137762473	0.06476646690275789	0.04645244786485955	0.2421607690202872	
4-cell_4	Rabbit	4-cell	6.121587089320786	4.006551609086649	0.08740029599016552	-0.16468305147255705	0.10724091454784193	
4-cell_5	Rabbit	4-cell	6.13671264200231	3.9981285071282664	0.18766509096824802	0.004029261825930844	0.18901481228487665	
4-cell_6	Rabbit	4-cell	6.089997256833892	3.9919787909945836	0.08154712028083913	0.013447127780239876	0.2712388131439224	
4-cell_8	Rabbit	4-cell	5.975151379753775	3.9809119377768436	0.05949473151933436	-0.02130598604460715	0.10588050578019001	
4-cell_9	Rabbit	4-cell	6.212347171647637	3.9910931080488874	0.22182231519699408	0.17132588041487545	0.3572495290745866	
8-cell_1	Rabbit	8-cell	5.81731278395763	3.939119717648487	0.0296176263056554	-0.09615214395124302	0.37267780366493486	
8-cell_11	Rabbit	8-cell	5.878308617193538	3.939918420369057	-0.10335264687105805	-0.19656008948844467	0.08349173739981262	
8-cell_12	Rabbit	8-cell	6.061337858474695	3.9477277269633158	0.09082665705750145	-0.19869844390560842	1.1330744419010137	
8-cell_13	Rabbit	8-cell	5.837515839340203	3.939619078956698	-0.009212245465731052	-0.10235921548027876	0.26533543103729645	
8-cell_14	Rabbit	8-cell	5.940515488843164	3.949731452315707	0.038909804078117456	-0.12179554842286522	1.1975583243983625	
8-cell_2	Rabbit	8-cell	5.987989631346831	3.9587549498690895	-0.05092443578896678	-0.018954719685980233	0.5236901513711747	
8-cell_3	Rabbit	8-cell	5.98369933986489	3.9854264740830017	-0.016133954183932264	0.09999588878929266	0.4320975341585944	
8-cell_4	Rabbit	8-cell	5.9541054437757595	3.9627480533586406	-0.03170843001294175	-0.09624893648326141	0.8058820975153796	
8-cell_5	Rabbit	8-cell	5.9673944484493555	3.9618954736678504	-0.02901465434940482	0.017922384181092307	0.4517272267848639	
8-cell_6	Rabbit	8-cell	5.703383387202328	3.95390459341346	-0.17295018862281306	0.046894113024247744	0.5201646588491404	
8-cell_7	Rabbit	8-cell	5.873787203103347	3.949877704036875	0.0016165142718507879	-0.06956679408994493	0.22559817619819267	
8-cell_8	Rabbit	8-cell	5.768111005242077	3.9387698227831174	0.06681655551138205	-0.028139656934397253	1.0876997351560007	
8-cell_9	Rabbit	8-cell	6.096626065330471	3.958229314188382	0.0425141547131869	-0.19580614426072415	0.5490736549240699	
Morula_1	Rabbit	Morula	5.952494580491611	3.950997333988805	-0.0008126134916702429	-0.0004940472108826352	0.500397379414641	
Morula_11	Rabbit	Morula	5.883221808888178	3.9817733186277473	-0.0008783719356700581	-0.005942473921651245	1.3686644089453974	
Morula_12	Rabbit	Morula	5.529785704137245	3.9233994661587164	0.06040415961819952	0.006367460315317215	0.9815406338287851	
Morula_2	Rabbit	Morula	5.998718680144092	3.9654839242451385	-0.03717875065560238	-0.05936819038837187	0.35730317529919636	
Morula_3	Rabbit	Morula	5.556163745644334	3.8924285469452298	-0.17954013173095956	-0.061695689928386956	0.6530224918769498	
Morula_4	Rabbit	Morula	5.8570030315112485	3.956936413844196	-0.08189413763471173	-0.12133648379273343	0.3502435783936706	
Morula_5	Rabbit	Morula	5.924769658473078	3.9439394644722165	-0.019210927244520566	-0.01654319994038289	0.7207707992817727	
Morula_6	Rabbit	Morula	5.765945580532517	3.933689708957895	-0.08261515370547601	-0.1302527584854709	1.03275239171677	
Morula_7	Rabbit	Morula	5.819049479694427	3.933892035764211	-0.08153020620792117	-0.05759982370391318	1.3351796908302445	
Morula_8	Rabbit	Morula	6.031351497239335	3.9507541815935037	0.046428299683710025	0.005089755738190989	1.1987184767581542	
Morula_9	Rabbit	Morula	5.867390286184711	3.9262909868848634	0.02766969249178907	-0.035895730374004765	1.093069700329805	
Oocyte_1	Rabbit	Oocyte	6.119737438273207	3.986323777050765	-0.12261815400004236	-0.050060989103681515	-0.3033783945700647	
Oocyte_10	Rabbit	Oocyte	6.270599421689528	3.9978230807457256	0.03715177753537355	-0.06814823542045778	-0.17606379210805706	
Oocyte_11	Rabbit	Oocyte	6.143095402828858	3.9875322027298394	-0.005887138512643712	-0.016583009748205257	-0.19156196220680738	
Oocyte_12	Rabbit	Oocyte	6.0953775535701675	3.9834909718151663	-0.0067463153658384525	-0.03257679272337561	0.12094582877240387	
Oocyte_13	Rabbit	Oocyte	6.120225039472369	3.99140330258004	-0.040403565192326955	-0.06712173834003038	-0.08938539342193719	
Oocyte_2	Rabbit	Oocyte	6.100712331325757	3.985022082109535	-0.04444571465077204	-0.004928082913343568	0.029941495188438125	
Oocyte_3	Rabbit	Oocyte	6.1680160750891435	3.986906031380721	0.013788143028864285	0.05297952055792281	0.14905084043570485	
Oocyte_4	Rabbit	Oocyte	6.445562328417723	4.000867721531227	-0.020087058816603713	0.04072095264212802	-0.06699642720545781	
Oocyte_5	Rabbit	Oocyte	6.003512230756304	3.9734511440249345	0.07357189156838306	0.07465732895308919	-0.05227058237331178	
Oocyte_6	Rabbit	Oocyte	6.174922013397443	3.988514365833666	0.10298213974375178	0.02342886480656333	0.23063186890948412	
Oocyte_7	Rabbit	Oocyte	6.184021305785864	3.983581186705791	0.02525825910806862	0.06679602989682708	0.11800934023254049	
Oocyte_8	Rabbit	Oocyte	5.688663599243866	3.937517892017347	-0.06798194310418068	-0.02256321352479354	0.03505157277243444	
Oocyte_9	Rabbit	Oocyte	6.189569473287431	3.9873980991370175	-0.08462809119615872	-0.07593656802295612	-0.011313672096952165	
Zygote_1	Rabbit	Zygote	6.3897336641421925	4.010935664704385	0.09773287076053308	0.08286421684985959	0.35184299969240546	
Zygote_10	Rabbit	Zygote	6.134170092484426	4.023046584075505	0.16727433080095216	0.21206559956104684	0.7761752321523776	
Zygote_11	Rabbit	Zygote	6.076717248392071	3.9817733186277473	0.030539528614891287	0.05166277454208559	0.1359546714015384	
Zygote_2	Rabbit	Zygote	6.429329888762168	4.0178260380304245	0.08253072729778724	0.019924355311319704	0.25920656110977175	
Zygote_3	Rabbit	Zygote	6.238160561041218	4.001257631312231	0.11516602429562262	0.0005951865252665223	0.3347132700726415	
Zygote_4	Rabbit	Zygote	6.021233967062334	3.99409708958821	0.0903072211189707	0.09542493757050358	0.6688519595424607	
Zygote_5	Rabbit	Zygote	6.175410620818075	4.001517376823505	0.2523626225122575	0.1429720446722086	0.6005223729827092	
Zygote_6	Rabbit	Zygote	6.299136257551878	4.006294857981385	0.15371366438194467	0.12417998756854662	0.586434462838372	
Zygote_7	Rabbit	Zygote	6.176993075555163	3.9902944461284386	0.08272399676904937	0.06023480280849337	0.43395905325189904	
Zygote_8	Rabbit	Zygote	6.198405508119378	4.027879409207207	0.17457878109874583	0.11334071392174455	0.7761671297293181	
Zygote_9	Rabbit	Zygote	6.070010884069839	4.000997730357794	0.05556123412849639	0.11284434730991025	0.5375758814725491	
16-cell_1	Rhesus	16-cell	5.81679988755523	3.9573678084315276	-0.43710483233929814	-0.36143669852776705	-0.9522870113215045	
16-cell_2	Rhesus	16-cell	6.17301193268741	4.017659274283765	-0.461998063235229	-0.3726064960602019	-1.177280656801366	
16-cell_3	Rhesus	16-cell	6.303285283886355	4.001949941084268	-0.4223809179969863	-0.3466305793639082	-0.9125988207893418	
2-cell_1	Rhesus	2-cell	6.176952623601859	4.021396056741971	0.014639632476378131	-0.01567884051635767	-0.20414758618877016	
2-cell_2	Rhesus	2-cell	6.221635893166133	3.9998262474544126	-0.033795292654617164	-0.11217523014754346	-0.5596658851901902	
4-cell_2	Rhesus	4-cell	6.068710039392246	4.05789421972453	-0.38231866231115874	-0.5240125289853192	-1.4339057227955236	
8-cell_1	Rhesus	8-cell	6.053636518286688	4.070628844051428	-0.14193615279666857	-0.18643552544860492	-0.4302954692028388	
8-cell_2	Rhesus	8-cell	5.690638126303277	3.953421399681035	-0.05820572995772138	-0.14751530670623178	0.14147435579089132	
Oocyte_1	Rhesus	Oocyte	5.844871527402772	3.963882228928777	0.06225288516654865	0.007638509016374619	-0.13859109598725433	
Oocyte_2	Rhesus	Oocyte	6.137304728141038	3.985965078304871	0.04669243627209339	0.054491385986558484	0.018889415990180097	
Oocyte_3	Rhesus	Oocyte	5.99011010165132	3.9864582127373063	0.10171781917234193	0.03916321913120555	0.13897003813450295	
Oocyte_4	Rhesus	Oocyte	6.06615739386298	3.9732202468522337	0.05259365955107344	-0.030815490166686103	-0.10779077896275863	
Oocyte_5	Rhesus	Oocyte	6.04828950186008	3.9927743642553555	-0.11357947754434489	-0.03467835790706215	0.03771570966258041	
Oocyte_6	Rhesus	Oocyte	5.975764410433464	3.9885589568786157	-0.07187385814444072	-0.02602561979476499	-0.0013846481950997303	
Zygote_1	Rhesus	Zygote	5.988736829584054	4.020568434801363	-0.40394481546200406	-0.2826104112964531	-0.8198118403903765	
Zygote_2	Rhesus	Zygote	6.214212868459583	4.029099566823543	-0.03627362925204771	-0.002307856405922487	-0.14772776596106257	
Zygote_3	Rhesus	Zygote	6.331130984351034	4.030235296012244	0.17498758703657294	0.07082442728033028	0.009044780801928137	
Zygote_4	Rhesus	Zygote	5.9374602162877315	3.9860099318532614	-0.05760455642252483	-0.08184577984510014	-0.5366884509889578	
